uuid,identifier,Date,Type,LanduseAroundMound,LanduseOnTopOfMound,Prominence,Latitude,Longitude,Northing,Easting,HeightMax,DiameterMax,DiameterMin,Condition,MostRecentDamageWithin,geospatialcolumn
1.00E+18,9500,8-Sep,Burial Mound,Annual agriculture,Annual agriculture,Hilltop (local maximum),42.37472892,26.13517719,4691745.489,428798.9281,1.6,70,55,4 - seriously damaged,Last month,POINT(428798.928102 4691745.489463)
1.00E+18,9501,8-Sep,Burial Mound,Annual agriculture,Annual agriculture,Lower slope,42.37343225,26.13350168,4691602.917,428659.5142,0.8,35,25,3 - damaged,Last month,POINT(428659.514195 4691602.916519)
1.00E+18,9502,8-Sep,Burial Mound,Annual agriculture,Annual agriculture,Valley Bottom or Plain,42.36523758,26.16158218,4690669.819,430962.4784,1.3,45,40,3 - damaged,Last month,POINT(430962.478425 4690669.819039)
1.00E+18,9503,8-Sep,Burial Mound,Annual agriculture,Annual agriculture,Valley Bottom or Plain,42.37050762,26.15960901,4691256.594,430805.7855,1,40,30,3 - damaged,Last month,POINT(430805.785525 4691256.593571)
1.00E+18,9504,8-Sep,Uncertain Mound,Annual agriculture,Annual agriculture,Valley Bottom or Plain,42.37431681,26.16438921,4691675.675,431203.5274,1.8,30,25,4 - seriously damaged,Last month,POINT(431203.527396 4691675.675371)
1.00E+18,9505,8-Sep,Burial Mound,Annual agriculture,Annual agriculture,Valley Bottom or Plain,42.37405241,26.1651599,4691645.693,431266.6908,2,40,30,3 - damaged,Last month,POINT(431266.690793 4691645.693187)
1.00E+18,9506,8-Sep,Burial Mound,Annual agriculture,Pasture (grassland),Valley Bottom or Plain,42.37497185,26.16452806,4691748.297,431215.6739,5,40,35,2 - minor damage,Last week,POINT(431215.673914 4691748.296506)
1.00E+18,9507,10-Sep,Burial Mound,Pasture (grassland),Pasture (grassland),Upper slope,42.4036724,26.13264363,4694961.43,428623.1401,3,25,30,2 - minor damage,Unknown,POINT(428623.140094 4694961.429666)
1.00E+18,9508,10-Sep,Burial Mound,Pasture (grassland),Pasture (grassland),Lower slope,42.40357143,26.1330311,4694949.892,428654.9117,1.6,17,12,4 - seriously damaged,Unknown,POINT(428654.911662 4694949.892234)
1.00E+18,9509,10-Sep,Burial Mound,Pasture (grassland),Pasture (grassland),Upper slope,42.40357623,26.13337097,4694950.14,428682.8858,0.3,17,10,5 - extinct or near extinct,Unknown,POINT(428682.885849 4694950.139774)
1.00E+18,8100,10-Sep,Burial Mound,Pasture (grassland),Pasture (grassland),Hilltop,42.40222518,26.13370833,4694799.84,428709.119,4,35,,2 - minor damage,Last year,POINT(428709.118957 4694799.839653)
1.00E+18,9510,10-Sep,Burial Mound,Pasture (grassland),Pasture (grassland),Upper slope,42.40430314,26.13168499,4695032.272,428544.9661,3,20,16,2 - minor damage,Last month,POINT(428544.966109 4695032.271881)
1.00E+18,9511,10-Sep,Burial Mound,Pasture (grassland),Pasture (grassland),Upper slope,42.40461911,26.13133157,4695067.654,428516.2413,2,17,14,4 - seriously damaged,Last year,POINT(428516.241261 4695067.653504)
1.00E+18,9512,10-Sep,Burial Mound,Pasture (grassland),Pasture (grassland),Upper slope,42.40480866,26.13115114,4695088.852,428501.6085,1.2,20,14.5,4 - seriously damaged,Last year,POINT(428501.608501 4695088.852274)
1.00E+18,8101,10-Sep,Burial Mound,Pasture (grassland),Pasture (grassland),Hilltop,42.40266094,26.13346202,4694848.432,428689.3416,0.5,12,10,5 - extinct or near extinct,Unknown,POINT(428689.341615 4694848.431896)
1.00E+18,8102,10-Sep,Burial Mound,Scrub,Scrub,Upper slope,42.40341649,26.13752645,4694928.924,429024.6733,0.5,20,15,5 - extinct or near extinct,Unknown,POINT(429024.673318 4694928.923609)
1.00E+18,8300,10-Sep,Extinct Burial Mound,Annual agriculture,Scrub,Valley Bottom or Plain,42.40069278,26.13347198,4694629.883,428687.9326,0.5,15,11,5 - extinct or near extinct,Unknown,POINT(428687.932566 4694629.882916)
1.00E+18,9513,10-Sep,Burial Mound,Annual agriculture,Annual agriculture,Valley Bottom or Plain,42.39465764,26.13481875,4693958.626,428791.9442,2,28,21,3 - damaged,Last month,POINT(428791.944199 4693958.625652)
1.00E+18,8301,10-Sep,Burial Mound,Annual agriculture,Scrub,Valley Bottom or Plain,42.39780368,26.13289378,4694309.569,428637.0748,2.3,17,12,2 - minor damage,Unknown,POINT(428637.074831 4694309.569396)
1.00E+18,8103,10-Sep,Extinct Burial Mound,Scrub,Scrub,Valley Bottom or Plain,42.40592688,26.13992744,4695205.669,429225.0808,0,0,0,5 - extinct or near extinct,Unknown,POINT(429225.080824 4695205.66904)
1.00E+18,8104,10-Sep,Uncertain Mound,Scrub,Scrub,Valley Bottom or Plain,42.40836932,26.1390629,4695477.592,429156.6863,0,0,0,5 - extinct or near extinct,Unknown,POINT(429156.686299 4695477.592247)
1.00E+18,8302,10-Sep,Burial Mound,Scrub (the scrub comprises an old vineyard gone wild),Scrub,Valley Bottom or Plain,42.39705737,26.12892326,4694230.044,428309.4487,1.5,15,,0 - No observation,Unknown,POINT(428309.448665 4694230.044063)
1.00E+18,8105,10-Sep,Uncertain Mound,Forest,Forest,Hilltop,42.40992288,26.14072092,4695648.715,429294.8643,3,15,10,1 - pristine,,POINT(429294.864313 4695648.715018)
1.00E+18,9514,10-Sep,Uncertain Mound,Scrub,Scrub,Hilltop,42.39738531,26.1432916,4694254.434,429492.3539,1.5,11,8,4 - seriously damaged,Unknown,POINT(429492.353923 4694254.433648)
1.00E+18,8303,10-Sep,Burial Mound,Perennial agriculture (e.g orchard or vineyard) (walnut trees),Pasture (grassland) (scrubby),Valley Bottom or Plain,42.39523427,26.11879323,4694036.207,427473.631,2.7,22,,1 - pristine,Last year,POINT(427473.630951 4694036.20688)
1.00E+18,9515,11-Sep,Burial Mound,Annual agriculture,Annual agriculture,Valley Bottom or Plain,42.4007734,26.22150291,4694568.702,435932.6798,1.6,40,42,3 - damaged,Last month,POINT(435932.679835 4694568.701546)
1.00E+18,8304,11-Sep,Burial Mound,Annual agriculture,Annual agriculture,Valley Bottom or Plain,42.40607583,26.24816852,4695137.707,438132.3789,1.4,13,12,3 - damaged,Last month,POINT(438132.378925 4695137.707434)
1.00E+18,8106,11-Sep,Burial Mound,Annual agriculture,Perennial agriculture (e.g orchard or vineyard),Valley Bottom or Plain,42.40970772,26.24783206,4695541.229,438108.2628,1.5,55,50,3 - damaged,Last year,POINT(438108.262782 4695541.229061)
1.00E+18,8305,11-Sep,Burial Mound,Annual agriculture,Annual agriculture,Hilltop,42.40297633,26.24696348,4694794.425,438030.1664,0.7,22,16,3 - damaged,Last month,POINT(438030.166351 4694794.424591)
1.00E+18,9516,11-Sep,Uncertain Mound,Annual agriculture,Scrub,Valley Bottom or Plain,42.40493326,26.2302587,4695024.037,436657.437,1,14,8,3 - damaged,Unknown,POINT(436657.437045 4695024.03736)
1.00E+18,8306,11-Sep,Burial Mound,Annual agriculture,Scrub,Hilltop,42.40246734,26.24735842,4694737.62,438062.1668,1,22,7,4 - seriously damaged,Last year,POINT(438062.166823 4694737.619986)
1.00E+18,8107,11-Sep,Burial Mound,Annual agriculture,Scrub,Valley Bottom or Plain,42.3880455,26.189618,4693179.962,433295.1802,0.3,20,11,4 - seriously damaged,Unknown,POINT(433295.180156 4693179.961652)
1.00E+18,9517,11-Sep,Burial Mound,Annual agriculture,Pasture (grassland),Valley Bottom or Plain,42.40478628,26.22903625,4695008.629,436556.692,1,25,20,4 - seriously damaged,Unknown,POINT(436556.69197 4695008.62912)
1.00E+18,8108,11-Sep,Extinct Burial Mound,Scrub,Scrub,Hilltop,42.38970276,26.18663453,4693366.326,433051.3626,0,0,0,5 - extinct or near extinct,Unknown,POINT(433051.362551 4693366.325957)
1.00E+18,9518,11-Sep,Burial Mound,Annual agriculture,Annual agriculture,Valley Bottom or Plain,42.4084193,26.230018,4695411.298,436641.1374,0.9,35,30,3 - damaged,Last month,POINT(436641.137432 4695411.297874)
1.00E+18,8109,11-Sep,Extinct Burial Mound,Annual agriculture,Scrub,Valley Bottom or Plain,42.38807485,26.18645587,4693185.708,433034.9264,0.2,20,12,5 - extinct or near extinct,Unknown,POINT(433034.926359 4693185.707691)
1.00E+18,8307,11-Sep,Extinct Burial Mound,Other (explain in notes) (freshly bulldozer field with ripped vineyard and brush),Other (explain in notes) (see LU note above),Hilltop,42.39077351,26.24532337,4693440.652,437883.1614,0.5,35,30,5 - extinct or near extinct,Last week,POINT(437883.161412 4693440.652453)
1.00E+18,8308,11-Sep,Uncertain Mound,Other (explain in notes),Other (explain in notes),Hilltop,42.38964751,26.24537336,4693315.587,437886.1659,0.5,15,12,5 - extinct or near extinct,Last week,POINT(437886.165909 4693315.587227)
1.00E+18,9519,11-Sep,Burial Mound,Annual agriculture,Pasture (grassland),Lower slope,42.40888436,26.21493816,4695474.294,435400.7453,1.8,28,25,4 - seriously damaged,Last year,POINT(435400.745273 4695474.294473)
1.00E+18,8309,11-Sep,Burial Mound,Annual agriculture,Scrub,Upper slope,42.3918815,26.24171041,4693566.327,437586.8775,1,18,10,5 - extinct or near extinct,Last month,POINT(437586.877467 4693566.327236)
1.00E+18,8110,11-Sep,Burial Mound,Annual agriculture,Annual agriculture,Valley Bottom or Plain,42.39869179,26.18602103,4694364.93,433010.4254,1.8,35,40,3 - damaged,Last year,POINT(433010.425364 4694364.929879)
1.00E+18,8310,11-Sep,Uncertain Mound,Annual agriculture,Scrub,Upper slope,42.39356388,26.24149945,4693753.29,437571.1809,1,25,25,4 - seriously damaged,Unknown,POINT(437571.180948 4693753.289884)
1.00E+18,9520,11-Sep,Burial Mound,Pasture (grassland),Pasture (grassland),Lower slope,42.41040418,26.2112497,4695645.864,435098.8035,0.5,15,12,4 - seriously damaged,Unknown,POINT(435098.803502 4695645.863672)
1.00E+18,8111,11-Sep,Burial Mound,Pasture (grassland),Pasture (grassland),Hilltop,42.40267242,26.18076711,4694811.085,432582.2927,2.3,25,22,2 - minor damage,Last year,POINT(432582.292662 4694811.085396)
1.00E+18,8311,11-Sep,Uncertain Mound,Annual agriculture,Scrub (half bare half scrub),Lower slope,42.39214205,26.24058881,4693596.083,437494.8197,0.3,20,19,5 - extinct or near extinct,Last month,POINT(437494.819655 4693596.082714)
1.00E+18,9521,11-Sep,Burial Mound,Pasture (grassland),Pasture (grassland),Lower slope,42.41069685,26.2110756,4695678.494,435084.7798,1.4,18,16,4 - seriously damaged,Unknown,POINT(435084.779831 4695678.494282)
1.00E+18,8312,11-Sep,Uncertain Mound,Annual agriculture,Scrub,Lower slope,42.39158994,26.24082293,4693534.606,437513.5419,0.4,10,8,5 - extinct or near extinct,Last year,POINT(437513.541942 4693534.60572)
1.00E+18,8313,11-Sep,Uncertain Mound,Annual agriculture,Scrub,Upper slope,42.39152978,26.23966217,4693528.78,437417.9416,1.2,16,13,5 - extinct or near extinct,Last year,POINT(437417.941564 4693528.779987)
1.00E+18,8112,11-Sep,Burial Mound,Pasture (grassland),Pasture (grassland),Hilltop,42.40382819,26.1736336,4694945.105,431996.4942,1.5,25,25,2 - minor damage,Unknown,POINT(431996.494205 4694945.104665)
1.00E+18,8314,11-Sep,Uncertain Mound,Annual agriculture,Scrub,Upper slope,42.38998881,26.24176533,4693356.128,437589.5226,0.5,22,15,5 - extinct or near extinct,Last year,POINT(437589.522608 4693356.128156)
1.00E+18,9522,11-Sep,Burial Mound,Annual agriculture,Annual agriculture,Valley Bottom or Plain,42.41744756,26.21936852,4696421.774,435774.0404,1.9,55,50,4 - seriously damaged,Last year,POINT(435774.040392 4696421.774044)
1.00E+18,8113,11-Sep,Burial Mound,Scrub,Scrub,Upper slope,42.40553013,26.16717167,4695139.276,431466.5773,1,30,30,1 - pristine,,POINT(431466.577335 4695139.276288)
1.00E+18,8315,11-Sep,Uncertain Mound,Annual agriculture,Scrub,Upper slope,42.38860099,26.24272769,4693201.322,437667.3619,0.5,25,19,5 - extinct or near extinct,Unknown,POINT(437667.361852 4693201.321567)
1.00E+18,9523,11-Sep,Burial Mound,Pasture (grassland),Scrub,Lower slope,42.4173977,26.21233709,4696421.579,435195.4792,3,33,30,2 - minor damage,Unknown,POINT(435195.479193 4696421.578571)
1.00E+18,8114,11-Sep,Burial Mound,Scrub,Scrub,Upper slope,42.40019299,26.16557283,4694547.944,431329.1872,1,40,25,4 - seriously damaged,Unknown,POINT(431329.187231 4694547.944031)
1.00E+18,8316,11-Sep,Burial Mound,Perennial agriculture (e.g orchard or vineyard),Scrub,Hilltop,42.38190125,26.2361991,4692462.21,437123.2924,2.3,25,20,2 - minor damage,Last year,POINT(437123.292374 4692462.209706)
1.00E+18,8115,11-Sep,Burial Mound,Scrub,Pasture (grassland),Hilltop,42.39287284,26.17088944,4693730.848,431758.8,2,30,10,2 - minor damage,Unknown,POINT(431758.799984 4693730.84777)
1.00E+18,8317,11-Sep,Burial Mound,Scrub,Scrub,Hilltop,42.38461094,26.23205275,4692766.162,436784.6774,3,36,,4 - seriously damaged,Last year?,POINT(436784.677382 4692766.1624)
1.00E+18,9524,11-Sep,Burial Mound,Scrub,Scrub,Hilltop,42.4160662,26.20075039,4696282.637,434240.793,1.8,25,28,4 - seriously damaged,Unknown,POINT(434240.792966 4696282.636754)
1.00E+18,8116,11-Sep,Uncertain Mound,Scrub,Scrub,Valley Bottom or Plain,42.39443578,26.18393613,4693893.998,432834.3009,0.2,40,40,5 - extinct or near extinct,Unknown,POINT(432834.300868 4693893.998453)
1.00E+18,9525,11-Sep,Burial Mound,Pasture (grassland),Pasture (grassland),Hilltop,42.41636743,26.20036959,4696316.38,434209.7776,2,35,30,4 - seriously damaged,Unknown,POINT(434209.777574 4696316.380403)
1.00E+18,9526,11-Sep,Burial Mound,Pasture (grassland),Pasture (grassland),Hilltop,42.41651885,26.20014047,4696333.371,434191.0848,2.3,40,35,1 - pristine,,POINT(434191.084759 4696333.371021)
1.00E+18,8318,11-Sep,Uncertain Mound,Scrub,Other (explain in notes) (burnt terrain),Upper slope,42.38810909,26.23329013,4693153.668,436890.04,0.5,10,8,5 - extinct or near extinct,Last month,POINT(436890.040001 4693153.667807)
1.00E+18,9527,11-Sep,Burial Mound,Pasture (grassland),Pasture (grassland),Hilltop,42.41083284,26.19750504,4695704.053,433968.2863,1.2,30,25,4 - seriously damaged,Unknown,POINT(433968.286287 4695704.053471)
1.00E+18,8319,11-Sep,Burial Mound,Scrub,Scrub (burnt svrub),Hilltop,42.3903067,26.2310608,4693399.343,436708.7449,1.7,16,11,4 - seriously damaged,Last month,POINT(436708.744921 4693399.342854)
1.00E+18,9528,11-Sep,Burial Mound,Pasture (grassland),Pasture (grassland),Hilltop,42.4074671,26.19737823,4695330.427,433954.3209,1.9,40,35,2 - minor damage,,POINT(433954.320908 4695330.427175)
1.00E+18,9529,11-Sep,Burial Mound,Pasture (grassland),Pasture (grassland),Hilltop,42.40738666,26.19842975,4695320.679,434040.7641,1.9,30,25,4 - seriously damaged,Unknown,POINT(434040.764137 4695320.678546)
1.00E+18,8320,11-Sep,Uncertain Mound,Scrub,Scrub,Upper slope,42.39246405,26.22891575,4693640.489,436534.3588,0.4,16,9,5 - extinct or near extinct,Unknown,POINT(436534.358758 4693640.489136)
1.00E+18,9530,11-Sep,Burial Mound,Annual agriculture,Pasture (grassland),Lower slope,42.40517653,26.19912201,4695074.734,434095.4153,4,42,40,4 - seriously damaged,Unknown,POINT(434095.415317 4695074.73384)
1.00E+18,8321,11-Sep,Burial Mound,Pasture (grassland),Pasture (grassland),Hilltop,42.39266992,26.22735759,4693664.513,436406.3181,2.2,23,20,2 - minor damage,Unknown,POINT(436406.318106 4693664.51276)
1.00E+18,8117,11-Sep,Extinct Burial Mound,Annual agriculture,Pasture (grassland),Valley Bottom or Plain,42.38115279,26.19148582,4692413.15,433441.6458,0,15,5,5 - extinct or near extinct,Last year,POINT(433441.645844 4692413.149706)
1.00E+18,8322,11-Sep,Uncertain Mound,Annual agriculture (burnt field),Other (explain in notes),Upper slope,42.3931325,26.2281194,4693715.307,436469.4872,0.4,9,6,5 - extinct or near extinct,Unknown,POINT(436469.487225 4693715.307324)
1.00E+18,9531,11-Sep,Burial Mound,Pasture (grassland),Pasture (grassland),Lower slope,42.40184794,26.20550889,4694700.2,434617.5412,0.8,19,16,3 - damaged,Unknown,POINT(434617.541209 4694700.199836)
1.00E+18,8323,11-Sep,Extinct Burial Mound,Annual agriculture,Annual agriculture,Valley Bottom or Plain,42.38434712,26.21724582,4692747.988,435565.5353,1.4,30,25,5 - extinct or near extinct,Last month,POINT(435565.535277 4692747.987748)
1.00E+18,8324,11-Sep,Burial Mound,Annual agriculture,Annual agriculture,Hilltop,42.3834157,26.2063386,4692652.892,434666.707,0.8,25,20,5 - extinct or near extinct,Last month,POINT(434666.70699 4692652.89246)
1.00E+18,8325,12-Sep,Burial Mound,Annual agriculture,Annual agriculture,Valley Bottom or Plain,42.34737355,26.24045714,4688625.222,437439.5703,1.5,28,25,3 - damaged,Last month,POINT(437439.5703 4688625.221531)
1.00E+18,8326,12-Sep,Surface Scatter,Annual agriculture,Scrub,Valley Bottom or Plain,42.34843876,26.24314564,4688741.525,437662.0644,0.5,150,,5 - extinct or near extinct,Last week,POINT(437662.064361 4688741.52453)
1.00E+18,8327,12-Sep,Extinct Burial Mound,Annual agriculture,Annual agriculture,Upper slope,42.3509414,26.24334465,4689019.264,437680.9284,0.5,20,,5 - extinct or near extinct,Last month,POINT(437680.928412 4689019.263507)
1.00E+18,9532,12-Sep,Burial Mound,Annual agriculture,Pasture (grassland),Valley Bottom or Plain,42.32282514,26.11139548,4686002.449,426780.7429,2.2,30,30,4 - seriously damaged,Unknown,POINT(426780.742888 4686002.449002)
1.00E+18,8328,12-Sep,Burial Mound,Annual agriculture,Annual agriculture,Valley Bottom or Plain,42.35154452,26.24339821,4689086.193,437685.9356,1,25,,4 - seriously damaged,Last month,POINT(437685.935571 4689086.193076)
1.00E+18,8329,12-Sep,Burial Mound,Annual agriculture,Annual agriculture,Hilltop (ridge),42.35110421,26.24202788,4689038.308,437572.6382,0.5,25,20,5 - extinct or near extinct,Last month,POINT(437572.638191 4689038.30783)
1.00E+18,8330,12-Sep,Burial Mound,Annual agriculture,Annual agriculture,Valley Bottom or Plain,42.3505258,26.24300312,4688973.368,437652.3884,0.8,23,,4 - seriously damaged,Last month,POINT(437652.38841 4688973.36752)
1.00E+18,9533,12-Sep,Burial Mound,Annual agriculture,Annual agriculture,Valley Bottom or Plain,42.31794629,26.12067399,4685452.777,427539.682,1.6,25,20,2 - minor damage,Last month,POINT(427539.682021 4685452.777474)
1.00E+18,8118,12-Sep,Burial Mound,Annual agriculture,Pasture (grassland),Valley Bottom or Plain,42.36588961,26.03702863,4690850.872,420707.1478,3.5,50,50,1 - pristine,,POINT(420707.147815 4690850.871628)
1.00E+18,8331,12-Sep,Burial Mound,Annual agriculture,Annual agriculture,Hilltop,42.35195569,26.2465852,4689129.518,437948.8229,0.8,20,18,4 - seriously damaged,Last month,POINT(437948.822875 4689129.517838)
1.00E+18,9534,12-Sep,Burial Mound,Annual agriculture,Annual agriculture,Valley Bottom or Plain,42.32686093,26.13019391,4686434.564,428334.289,1.5,22,18,3 - damaged,Last month,POINT(428334.289033 4686434.564257)
1.00E+18,8119,12-Sep,Burial Mound,Annual agriculture,Scrub,Valley Bottom or Plain,42.37154599,26.04062205,4691475.597,421010.1274,3,50,45,2 - minor damage,Last year,POINT(421010.127408 4691475.596817)
1.00E+18,8332,12-Sep,Burial Mound,Annual agriculture,Annual agriculture,Hilltop,42.35225474,26.24632243,4689162.914,437927.4752,0.6,15,,5 - extinct or near extinct,Last week,POINT(437927.475184 4689162.914175)
1.00E+18,9535,12-Sep,Burial Mound,Annual agriculture,Annual agriculture,Valley Bottom or Plain,42.32882515,26.13239884,4686650.809,428518.185,1.8,24,22,3 - damaged,Last month,POINT(428518.184967 4686650.808579)
1.00E+18,8333,12-Sep,Extinct Burial Mound,Annual agriculture,Annual agriculture,Hilltop,42.35242033,26.24658871,4689181.107,437949.5695,0.1,10,,5 - extinct or near extinct,Last month,POINT(437949.569485 4689181.106911)
1.00E+18,8334,12-Sep,Extinct Burial Mound,Annual agriculture,Annual agriculture,Hilltop,42.35250304,26.2467932,4689190.142,437966.4922,0,7,4,5 - extinct or near extinct,Last month,POINT(437966.492166 4689190.141628)
1.00E+18,8335,12-Sep,Burial Mound,Annual agriculture,Annual agriculture,Valley Bottom or Plain,42.35395734,26.24782365,4689350.871,438052.7881,2.4,40,,3 - damaged,Last month,POINT(438052.788138 4689350.871277)
1.00E+18,8336,12-Sep,Burial Mound,Annual agriculture,Annual agriculture,Valley Bottom or Plain,42.35426709,26.24856177,4689384.727,438113.8816,0.8,20,18,4 - seriously damaged,Last month,POINT(438113.881561 4689384.727218)
1.00E+18,9536,12-Sep,Burial Mound,Annual agriculture,Annual agriculture,Valley Bottom or Plain,42.33956508,26.12606772,4687848.672,428008.8098,0.6,19,14,4 - seriously damaged,Last month,POINT(428008.809841 4687848.672473)
1.00E+18,8337,12-Sep,Uncertain Mound,Annual agriculture,Annual agriculture,Valley Bottom or Plain,42.3546495,26.2485118,4689427.225,438110.1415,0.7,40,,5 - extinct or near extinct,Last month,POINT(438110.141494 4689427.224743)
1.00E+18,8120,12-Sep,Burial Mound,Annual agriculture,Annual agriculture,Valley Bottom or Plain,42.35834032,26.04243799,4690007.587,421143.1279,1.5,55,50,3 - damaged,Last year,POINT(421143.127863 4690007.587359)
1.00E+18,9537,12-Sep,Burial Mound,Annual agriculture,Annual agriculture,Valley Bottom or Plain,42.34460905,26.12459546,4688409.986,427893.294,0.5,17,15,4 - seriously damaged,Last month,POINT(427893.294031 4688409.985932)
1.00E+18,8121,12-Sep,Extinct Burial Mound,Annual agriculture,Annual agriculture,Valley Bottom or Plain,42.35676104,26.0386903,4689835.711,420832.5138,0.5,55,50,5 - extinct or near extinct,Last year,POINT(420832.513827 4689835.710935)
1.00E+18,8338,12-Sep,Uncertain Mound,Scrub,Scrub,Upper slope,42.35834192,26.24516733,4689839.659,437838.3412,6,35,,4 - seriously damaged,Unknown,POINT(437838.341157 4689839.659053)
1.00E+18,9538,12-Sep,Burial Mound,Annual agriculture,Annual agriculture,Valley Bottom or Plain,42.34895439,26.11542731,4688900.292,427143.1299,1.5,15,15,4 - seriously damaged,Last month,POINT(427143.129863 4688900.291796)
1.00E+18,8339,12-Sep,Burial Mound,Pasture (grassland),Pasture (grassland),Valley Bottom or Plain,42.3591658,26.23935819,4689935.402,437360.7653,1.5,26,20,1 - pristine,Unknown,POINT(437360.765325 4689935.402264)
1.00E+18,8122,12-Sep,Extinct Burial Mound,Annual agriculture,Annual agriculture,Valley Bottom or Plain,42.36047095,26.06335535,4690224.98,422868.329,0.5,50,40,5 - extinct or near extinct,Last year,POINT(422868.329036 4690224.979931)
1.00E+18,8340,12-Sep,Burial Mound,Scrub,"Other (explain in notes) (bare surface,looks replied post excavation)",Hilltop,42.36306858,26.24329763,4690365.86,437689.0379,7,50,,2 - minor damage,Last year,POINT(437689.037877 4690365.859771)
1.00E+18,9539,12-Sep,Burial Mound,Annual agriculture,Annual agriculture,Valley Bottom or Plain,42.34187062,26.11353273,4688115.357,426978.8854,1,20,,4 - seriously damaged,Last month,POINT(426978.8854 4688115.357301)
1.00E+18,8123,12-Sep,Extinct Burial Mound,Annual agriculture,Annual agriculture,Valley Bottom or Plain,42.34701893,26.07586167,4688720.038,423881.9876,0.4,30,30,5 - extinct or near extinct,Last year,POINT(423881.987629 4688720.037756)
1.00E+18,9540,12-Sep,Burial Mound,Annual agriculture,Annual agriculture,Valley Bottom or Plain,42.34200415,26.11423939,4688129.578,427037.2505,1,18,,5 - extinct or near extinct,Last month,POINT(427037.250454 4688129.577576)
1.00E+18,8124,12-Sep,Extinct Burial Mound,Annual agriculture,Annual agriculture,Valley Bottom or Plain,42.34689193,26.08019646,4688702.065,424238.8794,0.5,50,50,5 - extinct or near extinct,Last year,POINT(424238.879405 4688702.065053)
1.00E+18,8125,12-Sep,Extinct Burial Mound,Annual agriculture,Annual agriculture,Valley Bottom or Plain,42.37668833,26.09962666,4691993.448,425874.327,0,0,0,5 - extinct or near extinct,Last year,POINT(425874.326972 4691993.447893)
1.00E+18,9541,12-Sep,Extinct Burial Mound,Annual agriculture,Annual agriculture,Valley Bottom or Plain,42.33856343,26.11818536,4687744.154,427358.3336,0.1,10,,5 - extinct or near extinct,Last month,POINT(427358.333552 4687744.153859)
1.00E+18,8341,12-Sep,Burial Mound,Scrub,Scrub,Hilltop,42.36853972,26.24102697,4690975.025,437507.4821,1.75,15,,2 - minor damage,Last month,POINT(437507.482066 4690975.025305)
1.00E+18,8126,12-Sep,Extinct Burial Mound,Annual agriculture,Annual agriculture,Valley Bottom or Plain,42.37543169,26.09945629,4691854.062,425858.8225,0,0,0,5 - extinct or near extinct,Last year,POINT(425858.822492 4691854.062061)
1.00E+18,8342,12-Sep,Burial Mound,Scrub,Scrub,Hilltop,42.3683457,26.24090384,4690953.572,437497.1513,1.5,10,,3 - damaged,Unknown,POINT(437497.151279 4690953.57205)
1.00E+18,8127,12-Sep,Extinct Burial Mound,Annual agriculture,Annual agriculture,Valley Bottom or Plain,42.37761432,26.09912737,4692096.703,425834.311,0,30,20,5 - extinct or near extinct,Last year,POINT(425834.310989 4692096.702784)
1.00E+18,8343,12-Sep,Uncertain Feature,Scrub,Scrub,Hilltop,42.36809925,26.240642,4690926.399,437475.347,1.4,15,12,3 - damaged,Last year?,POINT(437475.34704 4690926.399368)
1.00E+18,8344,12-Sep,Uncertain Mound,Scrub,Scrub,Hilltop,42.37273013,26.23643442,4691443.701,437133.5163,0,0,,0 - No observation,Unknown,POINT(437133.516301 4691443.701088)
1.00E+18,8128,12-Sep,Extinct Burial Mound,Pasture (grassland),Pasture (grassland),Valley Bottom or Plain,42.372766,26.058807,,,0,0,0,0 - No observation,,POINT(422520.016701 4691606.64706)
1.00E+18,9542,12-Sep,Extinct Burial Mound,Annual agriculture,Annual agriculture,Valley Bottom or Plain,42.330023,26.131279,,,0,0,,0 - No observation,,POINT(428427.836777 4686782.790926)
1.00E+18,9543,12-Sep,Extinct Burial Mound,Annual agriculture,Annual agriculture,Valley Bottom or Plain,42.339661,26.124631,,,0,0,,0 - No observation,Last month,POINT(427903.674096 4687864.178422)
1.00E+18,9544,12-Sep,Extinct Burial Mound,Annual agriculture,Annual agriculture,Valley Bottom or Plain,42.34725,26.114431,,,0,0,,0 - No observation,Last month,POINT(427065.492328 4688721.788659)
1.00E+18,9545,12-Sep,Extinct Burial Mound,Annual agriculture,Annual agriculture,Valley Bottom or Plain,42.34124,26.113514,,,0,0,,0 - No observation,Last month,POINT(426981.627973 4688050.54546)
1.00E+18,9546,12-Sep,Extinct Burial Mound,Annual agriculture,Annual agriculture,Valley Bottom or Plain,42.340508,26.111041,,,0,0,,0 - No observation,Last month,POINT(426786.222236 4687962.267758)
1.00E+18,9547,13-Sep,Burial Mound,Pasture (grassland),Pasture (grassland),Valley Bottom or Plain,42.41028791,26.09934432,4695724.516,425890.6262,3,25,20,3 - damaged,Last year,POINT(425890.6262 4695724.516417)
1.00E+18,9548,13-Sep,Burial Mound,Pasture (grassland),Pasture (grassland),Valley Bottom or Plain,42.41061501,26.09987836,4695760.372,425934.9541,0,0,,0 - No observation,Unknown,POINT(425934.954059 4695760.371577)
1.00E+18,9549,13-Sep,Burial Mound,Pasture (grassland),Pasture (grassland),Valley Bottom or Plain,42.41114213,26.0988467,4695819.802,425850.686,1,17,15,3 - damaged,Last month,POINT(425850.685999 4695819.801796)
1.00E+18,9550,13-Sep,Burial Mound,Pasture (grassland),Pasture (grassland),Valley Bottom or Plain,42.41221134,26.08729535,4695948.673,424901.4784,2,30,25,3 - damaged,Last year,POINT(424901.478409 4695948.673051)
1.00E+18,9551,13-Sep,Burial Mound,Pasture (grassland),Pasture (grassland),Valley Bottom or Plain,42.41179232,26.08755017,4695901.92,424921.9458,2,28,25,4 - seriously damaged,Unknown,POINT(424921.945833 4695901.920041)
1.00E+18,9552,13-Sep,Burial Mound,Pasture (grassland),Pasture (grassland),Valley Bottom or Plain,42.40839652,26.08783114,4695524.608,424941.0155,2.2,35,30,3 - damaged,Unknown,POINT(424941.015526 4695524.608066)
1.00E+18,9553,13-Sep,Burial Mound,Pasture (grassland),Pasture (grassland),Valley Bottom or Plain,42.40831651,26.08812699,4695515.463,424965.2644,1.6,18,18,4 - seriously damaged,Last year,POINT(424965.264361 4695515.463419)
1.00E+18,8345,13-Sep,Extinct Burial Mound,Other (explain in notes),Other (explain in notes),Hilltop,42.51417035,26.57072275,4706955.811,464735.8851,0,0,,5 - extinct or near extinct,Unknown,POINT(464735.885097 4706955.811099)
1.00E+18,8346,13-Sep,Burial Mound,Pasture (grassland),Pasture (grassland),Hilltop,42.51413567,26.56663783,4706953.667,464400.2978,1,21,16,2 - minor damage,,POINT(464400.297809 4706953.666732)
1.00E+18,9554,13-Sep,Burial Mound,Annual agriculture,Annual agriculture,Valley Bottom or Plain,42.40580572,26.07543913,4695247.955,423918.184,1.5,25,25,4 - seriously damaged,Last year,POINT(423918.183956 4695247.954506)
1.00E+18,8129,13-Sep,Burial Mound,Pasture (grassland),Pasture (grassland),Valley Bottom or Plain,42.42725522,26.65888508,4697272.01,471939.4245,4,30,30,3 - damaged,Last year,POINT(471939.424513 4697272.009501)
1.00E+18,8347,13-Sep,Burial Mound,Pasture (grassland),Pasture (grassland),Hilltop,42.51431229,26.56659373,4706973.297,464396.7761,1.2,17,,1 - pristine,Unknown,POINT(464396.776063 4706973.297402)
1.00E+18,8348,13-Sep,Burial Mound,Pasture (grassland),Pasture (grassland),Hilltop,42.51400412,26.56599884,4706939.328,464347.732,1.5,15,,2 - minor damage,Unknown,POINT(464347.731969 4706939.328214)
1.00E+18,8130,13-Sep,Burial Mound,Pasture (grassland),Pasture (grassland),Valley Bottom or Plain,42.42704147,26.65917435,4697248.18,471963.125,2.5,35,30,3 - damaged,Unknown,POINT(471963.124999 4697248.179696)
1.00E+18,8349,13-Sep,Burial Mound,Pasture (grassland),Pasture (grassland),Hilltop,42.51381987,26.56613375,4706918.812,464358.7094,1.75,17,,2 - minor damage,Unknown,POINT(464358.709393 4706918.812094)
1.00E+18,8350,13-Sep,Burial Mound,Pasture (grassland),Pasture (grassland),Hilltop,42.5140243,26.56454981,4706942.18,464228.7082,1.2,18,,2 - minor damage,,POINT(464228.708245 4706942.179848)
1.00E+18,9555,13-Sep,Burial Mound,Annual agriculture,Annual agriculture,Valley Bottom or Plain,42.39734979,26.07527418,4694309.173,423894.3904,0.9,17,15,3 - damaged,Last month,POINT(423894.390429 4694309.172601)
1.00E+18,8131,13-Sep,Burial Mound,Pasture (grassland),Pasture (grassland),Hilltop,42.42983191,26.66345402,4697556.618,472316.4059,1.8,30,25,4 - seriously damaged,Unknown,POINT(472316.40587 4697556.618444)
1.00E+18,9556,13-Sep,Surface Scatter,Annual agriculture,Annual agriculture,Valley Bottom or Plain,42.40331768,26.07898993,4694968.514,424207.3856,0,200,200,0 - No observation,Last month,POINT(424207.385641 4694968.513763)
1.00E+18,8351,13-Sep,Burial Mound,Scrub,Pasture (grassland),Hilltop,42.51240266,26.55310393,4706767.006,463287.5029,3,30,,2 - minor damage,Last month,POINT(463287.502946 4706767.006287)
1.00E+18,9557,13-Sep,Burial Mound,Perennial agriculture (e.g orchard or vineyard),Perennial agriculture (e.g orchard or vineyard),Valley Bottom or Plain,42.40454493,26.08309879,4695101.128,424546.9891,1.6,17,15,2 - minor damage,Unknown,POINT(424546.989125 4695101.127631)
1.00E+18,8132,13-Sep,Burial Mound,Pasture (grassland),Pasture (grassland),Hilltop,42.43187987,26.66368417,4697783.944,472336.2387,4.5,35,35,2 - minor damage,Unknown,POINT(472336.238714 4697783.94358)
1.00E+18,9558,13-Sep,Burial Mound,Perennial agriculture (e.g orchard or vineyard),Perennial agriculture (e.g orchard or vineyard),Valley Bottom or Plain,42.40225057,26.08952904,4694840.676,425073.4164,1.5,25,24,3 - damaged,Unknown,POINT(425073.416422 4694840.676182)
1.00E+18,8133,13-Sep,Burial Mound,Other (explain in notes),Other (explain in notes),Hilltop,42.42313179,26.6553268,4696815.336,471644.8571,1,45,40,2 - minor damage,Last year,POINT(471644.857138 4696815.336412)
1.00E+18,8352,13-Sep,Burial Mound,Annual agriculture,Annual agriculture,Upper slope,42.50452086,26.53949379,4705897.801,462164.6753,1.3,24,,2 - minor damage,Last month,POINT(462164.675252 4705897.801363)
1.00E+18,8134,13-Sep,Burial Mound,Pasture (grassland),Pasture (grassland),Valley Bottom or Plain,42.4331409,26.64800169,4697929.193,471046.8504,1.8,35,30,3 - damaged,Unknown,POINT(471046.850444 4697929.193262)
1.00E+18,8353,13-Sep,Burial Mound,Annual agriculture,Pasture (grassland),Hilltop (local maximum),42.50394332,26.53938471,4705833.721,462155.3655,3.2,25,,2 - minor damage,Unknown,POINT(462155.365455 4705833.720766)
1.00E+18,9559,13-Sep,Burial Mound,Annual agriculture,Pasture (grassland),Valley Bottom or Plain,42.39596024,26.09689719,4694135.739,425672.354,0.8,15,15,3 - damaged,Last year,POINT(425672.353963 4694135.738917)
1.00E+18,8135,13-Sep,Burial Mound,Pasture (grassland),Pasture (grassland),Valley Bottom or Plain,42.433734,26.65042959,4697994.225,471246.8257,1,25,13,4 - seriously damaged,Unknown,POINT(471246.825745 4697994.224684)
1.00E+18,8136,13-Sep,Burial Mound,Pasture (grassland),Pasture (grassland),Valley Bottom or Plain,42.43184224,26.64428467,4697786.268,470740.5076,1.8,45,40,2 - minor damage,Unknown,POINT(470740.507581 4697786.267793)
1.00E+18,9560,13-Sep,Burial Mound,Annual agriculture,Annual agriculture,Valley Bottom or Plain,42.3882081,26.10022728,4693272.051,425937.3164,1.3,40,40,3 - damaged,Last year,POINT(425937.316427 4693272.050786)
1.00E+18,8354,13-Sep,Burial Mound,Perennial agriculture (e.g orchard or vineyard),Pasture (grassland),Hilltop,42.50703375,26.55461101,4706170.197,463408.1784,1,20,,2 - minor damage,Unknown,POINT(463408.178361 4706170.196633)
1.00E+18,8355,13-Sep,Burial Mound,Perennial agriculture (e.g orchard or vineyard),Scrub,Hilltop,42.50733415,26.55450363,4706203.599,463399.5321,2,26,,2 - minor damage,Unknown,POINT(463399.532079 4706203.599134)
1.00E+18,8137,13-Sep,Burial Mound,Scrub,Pasture (grassland),Valley Bottom or Plain,42.41292503,26.64195044,4695686.559,470539.6489,0.3,20,15,5 - extinct or near extinct,Unknown,POINT(470539.648914 4695686.559089)
1.00E+18,9561,13-Sep,Burial Mound,Annual agriculture,Pasture (grassland),Valley Bottom or Plain,42.39400138,26.10688994,4693909.538,426492.5031,5,35,30,3 - damaged,Last year,POINT(426492.503071 4693909.538426)
1.00E+18,8356,13-Sep,Burial Mound,Perennial agriculture (e.g orchard or vineyard),Pasture (grassland),Hilltop,42.50717332,26.55512627,4706185.471,463450.5921,2,26,20,1 - pristine,Unknown,POINT(463450.592052 4706185.471396)
1.00E+18,9562,13-Sep,Burial Mound,Annual agriculture,Annual agriculture,Valley Bottom or Plain,42.3929786,26.10826665,4693794.781,426604.6222,2,18,14,3 - damaged,Last year,POINT(426604.622211 4693794.781267)
1.00E+18,9563,13-Sep,Other,Pasture (grassland),Scrub,Valley Bottom or Plain,42.38931349,26.11273756,4693383.964,426968.3603,10,100,90,2 - minor damage,Unknown,POINT(426968.360275 4693383.964234)
1.00E+18,8138,13-Sep,Extinct Burial Mound,Annual agriculture,Annual agriculture,Valley Bottom or Plain,42.42336052,26.60915487,4696857.181,467846.5544,0.3,40,35,5 - extinct or near extinct,Last month,POINT(467846.554421 4696857.181172)
1.00E+18,8357,13-Sep,Burial Mound,Pasture (grassland),Pasture (grassland),Hilltop,42.50909979,26.57634437,4706390.457,465194.8752,3,32,,1 - pristine,,POINT(465194.875234 4706390.457469)
1.00E+18,9564,13-Sep,Burial Mound,Annual agriculture,Scrub,Valley Bottom or Plain,42.38453949,26.11649632,4692850.647,427272.2396,1.4,24,20,3 - damaged,Last year,POINT(427272.239627 4692850.646958)
1.00E+18,9565,13-Sep,Burial Mound,Annual agriculture,Annual agriculture,Valley Bottom or Plain,42.38423405,26.11656827,4692816.671,427277.8098,0.5,20,18,3 - damaged,Last year,POINT(427277.809792 4692816.670709)
1.00E+18,9566,13-Sep,Burial Mound,Annual agriculture,Pasture (grassland),Valley Bottom or Plain,42.38392561,26.11657043,4692782.42,427277.632,6,40,40,4 - seriously damaged,Last year,POINT(427277.632017 4692782.41994)
1.00E+18,8139,13-Sep,Extinct Burial Mound,Annual agriculture,Annual agriculture,Valley Bottom or Plain,42.42389498,26.60477211,4696918.195,467486.276,0,0,0,5 - extinct or near extinct,,POINT(467486.276025 4696918.194782)
1.00E+18,8140,13-Sep,Extinct Burial Mound,Pasture (grassland),Pasture (grassland),Upper slope,42.43780573,26.59530396,4698466.478,466714.7315,0,0,0,5 - extinct or near extinct,Unknown,POINT(466714.731518 4698466.478464)
1.00E+18,8358,13-Sep,Extinct Burial Mound,Annual agriculture,Annual agriculture,Lower slope,42.50889887,26.56291915,4706373.745,464091.8189,0,0,,5 - extinct or near extinct,Last month,POINT(464091.818887 4706373.745243)
1.00E+18,9567,13-Sep,Burial Mound,Annual agriculture,Annual agriculture,Valley Bottom or Plain,42.38421287,26.13229737,4692800.979,428572.5807,0.8,18,18,2 - minor damage,Last month,POINT(428572.580737 4692800.979248)
1.00E+18,8142,13-Sep,Burial Mound,Pasture (grassland),Pasture (grassland),Hilltop,42.443048,26.600645,,,4,40,35,2 - minor damage,Unknown,POINT(467084.775578 4698742.866633)
1.00E+18,8359,13-Sep,Uncertain Mound,Scrub,Pasture (grassland),Hilltop,42.50883206,26.58092907,4706358.857,465571.3818,2.5,23,,1 - pristine,Unknown,POINT(465571.38175 4706358.857014)
1.00E+18,8143,13-Sep,Burial Mound,Annual agriculture,Annual agriculture,Valley Bottom or Plain,42.44751947,26.60218398,4699542.395,467285.6518,0.8,50,50,4 - seriously damaged,Last year,POINT(467285.651755 4699542.395175)
1.00E+18,8144,13-Sep,Surface Scatter,Annual agriculture,Annual agriculture,Valley Bottom or Plain,42.360651,26.041216,,,0,0,0,0 - No observation,Last year,POINT(421039.335654 4690266.36853)
1.00E+18,9568,13-Sep,Surface Scatter,Annual agriculture,Annual agriculture,Valley Bottom or Plain,42.344831,26.114811,,,0,0,,0 - No observation,Last month,POINT(427055.433058 4688425.080278)
1.00E+18,9569,14-Sep,Burial Mound,Annual agriculture,Annual agriculture,Valley Bottom or Plain,42.40570617,26.04358574,4695265.919,421296.8326,1,18,15,3 - damaged,Last year,POINT(421296.832586 4695265.919268)
1.00E+18,9570,14-Sep,Burial Mound,Annual agriculture,Pasture (grassland),Valley Bottom or Plain,42.40381993,26.04034342,4695059.484,421027.654,2.4,22,20,2 - minor damage,Unknown,POINT(421027.653989 4695059.484109)
1.00E+18,9571,14-Sep,Burial Mound,Annual agriculture,Annual agriculture,Valley Bottom or Plain,42.39944612,26.04066869,4694573.522,421048.9374,1.5,25,20,3 - damaged,Last month,POINT(421048.937392 4694573.522278)
1.00E+18,9572,14-Sep,Burial Mound,Annual agriculture,Annual agriculture,Valley Bottom or Plain,42.39044311,26.03431941,4693579.765,420515.0389,0.8,19,19,2 - minor damage,Last month,POINT(420515.038905 4693579.765189)
1.00E+18,8360,14-Sep,Burial Mound,Annual agriculture,Annual agriculture,Lower slope,42.64050891,26.74048653,4720927.819,478724.5816,1.4,40,,3 - damaged,Last month,POINT(478724.581638 4720927.818736)
1.00E+18,9573,14-Sep,Burial Mound,Annual agriculture,Annual agriculture,Valley Bottom or Plain,42.38740711,26.04650085,4693231.333,421513.9163,0.9,15,15,2 - minor damage,Last week,POINT(421513.91633 4693231.332679)
1.00E+18,8361,14-Sep,Burial Mound,Annual agriculture,Annual agriculture,Lower slope,42.63943084,26.73783139,4720808.78,478506.5374,1.2,50,,4 - seriously damaged,Other (2012 survey of joining gas pipeline),POINT(478506.537435 4720808.779875)
1.00E+18,9574,14-Sep,Burial Mound,Annual agriculture,Annual agriculture,Valley Bottom or Plain,42.38712981,26.0473699,4693199.739,421585.1068,2.4,18,18,2 - minor damage,Last year,POINT(421585.106754 4693199.738803)
1.00E+18,8145,14-Sep,Burial Mound,Perennial agriculture (e.g orchard or vineyard),Perennial agriculture (e.g orchard or vineyard),Valley Bottom or Plain,42.5965278,26.72147963,4716049.069,477150.2832,3.5,60,50,3 - damaged,Unknown,POINT(477150.283247 4716049.069219)
1.00E+18,9575,14-Sep,Burial Mound,Annual agriculture,Pasture (grassland),Valley Bottom or Plain,42.38768541,26.04738074,4693261.422,421586.6904,2.6,27,25,2 - minor damage,Last year,POINT(421586.690364 4693261.421785)
1.00E+18,9576,14-Sep,Burial Mound,Annual agriculture,Annual agriculture,Valley Bottom or Plain,42.3881612,26.04757937,4693314.069,421603.6328,0.5,17,17,3 - damaged,Last month,POINT(421603.632848 4693314.068857)
1.00E+18,9577,14-Sep,Burial Mound,Annual agriculture,Annual agriculture,Valley Bottom or Plain,42.38867477,26.04766574,4693371.016,421611.3816,0.5,16,16,2 - minor damage,Last month,POINT(421611.381556 4693371.015876)
1.00E+18,8146,14-Sep,Extinct Burial Mound,Annual agriculture,Annual agriculture,Valley Bottom or Plain,42.59699836,26.7190011,4716101.992,476947.1194,0,0,,5 - extinct or near extinct,Last year,POINT(476947.119423 4716101.991995)
1.00E+18,8362,14-Sep,Burial Mound,Perennial agriculture (e.g orchard or vineyard),Scrub,Lower slope,42.64089119,26.72826896,4720973.413,477723.0978,3.5,35,,3 - damaged,Unknown,POINT(477723.097842 4720973.413417)
1.00E+18,8363,14-Sep,Burial Mound,Perennial agriculture (e.g orchard or vineyard),Scrub,Upper slope,42.64204179,26.72737219,4721101.414,477649.9909,4,35,,1 - pristine,Unknown,POINT(477649.990913 4721101.41398)
1.00E+18,9578,14-Sep,Extinct Burial Mound,Annual agriculture,Annual agriculture,Valley Bottom or Plain,42.39070847,26.05084543,4693593.905,421875.6324,0.2,0,0,4 - seriously damaged,Last month,POINT(421875.632418 4693593.90468)
1.00E+18,9579,14-Sep,Burial Mound,Annual agriculture,Annual agriculture,Valley Bottom or Plain,42.39089331,26.05208676,4693613.289,421978.036,0.4,14,13,3 - damaged,Last month,POINT(421978.035965 4693613.288801)
1.00E+18,8147,14-Sep,Burial Mound,Pasture (grassland),Pasture (grassland),Valley Bottom or Plain,42.5936338,26.73741899,4715723.538,478456.9475,3.5,60,50,3 - damaged,Last month,POINT(478456.947537 4715723.538442)
1.00E+18,8364,14-Sep,Burial Mound,Annual agriculture,Annual agriculture,Lower slope,42.6425537,26.73592337,4721156.032,478351.1941,1.4,30,,3 - damaged,Last month,POINT(478351.194094 4721156.0323)
1.00E+18,8365,14-Sep,Burial Mound,Annual agriculture,Annual agriculture,Lower slope,42.64268392,26.73660096,4721170.32,478406.7872,1.1,35,30,3 - damaged,Last month,POINT(478406.787179 4721170.31985)
1.00E+18,9580,14-Sep,Burial Mound,Annual agriculture,Annual agriculture,Valley Bottom or Plain,42.39267737,26.0451599,4693817.77,421410.1124,0.8,22,20,2 - minor damage,Last month,POINT(421410.112429 4693817.769813)
1.00E+18,8366,14-Sep,Burial Mound,Scrub,Scrub,Lower slope,42.64304669,26.73733598,4721210.414,478467.169,6,45,,2 - minor damage,Unknown,POINT(478467.168995 4721210.41441)
1.00E+18,8148,14-Sep,Extinct Burial Mound,Annual agriculture,Annual agriculture,Valley Bottom or Plain,42.59463523,26.73132482,4715836.307,477957.3135,0,0,0,5 - extinct or near extinct,Last year,POINT(477957.313471 4715836.306785)
1.00E+18,8367,14-Sep,Burial Mound,Scrub,Scrub,Lower slope,42.6438227,26.73759143,4721296.519,478488.3775,2.7,35,30,2 - minor damage,Unknown,POINT(478488.377476 4721296.519097)
1.00E+18,9581,14-Sep,Burial Mound,Annual agriculture,Annual agriculture,Valley Bottom or Plain,42.40097691,26.05087367,4694734.066,421890.6929,0.4,15,15,3 - damaged,Last month,POINT(421890.692864 4694734.065739)
1.00E+18,8368,14-Sep,Burial Mound,Annual agriculture,Annual agriculture,Lower slope,42.64259988,26.73766079,4721160.718,478493.6421,0.5,25,,4 - seriously damaged,Last month,POINT(478493.642139 4721160.717564)
1.00E+18,8369,14-Sep,Burial Mound,Annual agriculture,Annual agriculture,Lower slope,42.64282251,26.73894843,4721185.112,478599.278,1.65,25,,3 - damaged,Last month,POINT(478599.278044 4721185.111523)
1.00E+18,8370,14-Sep,Burial Mound,Annual agriculture,Annual agriculture,Lower slope,42.64283427,26.73876516,4721186.464,478584.2578,1.8,30,,2 - minor damage,Last month,POINT(478584.257796 4721186.464244)
1.00E+18,8371,14-Sep,Burial Mound,Annual agriculture,Annual agriculture,Lower slope,42.64350289,26.7392875,4721260.577,478627.3075,1.6,33,,3 - damaged,Last month,POINT(478627.30751 4721260.576643)
1.00E+18,8372,14-Sep,Burial Mound,Annual agriculture,Scrub,Lower slope,42.64298871,26.73953301,4721203.42,478647.2584,6.5,30,,1 - pristine,Unknown,POINT(478647.258352 4721203.419731)
1.00E+18,8373,14-Sep,Burial Mound,Annual agriculture,Annual agriculture,Lower slope,42.64324732,26.74006741,4721232.001,478691.1562,1,26,,3 - damaged,Last month,POINT(478691.156182 4721232.001351)
1.00E+18,8149,14-Sep,Burial Mound,Annual agriculture,Scrub,Valley Bottom or Plain,42.56532207,26.70678897,4712588.046,475933.0677,3,36,30,4 - seriously damaged,Last year,POINT(475933.067678 4712588.046267)
1.00E+18,8374,14-Sep,Burial Mound,Annual agriculture,Annual agriculture,Lower slope,42.64326603,26.74077241,4721233.902,478748.9572,1.5,25,,3 - damaged,Last month,POINT(478748.957238 4721233.901604)
1.00E+18,8375,14-Sep,Burial Mound,Annual agriculture,Annual agriculture,Lower slope,42.64337221,26.74142446,4721245.527,478802.4471,1.3,26,,3 - damaged,Last month,POINT(478802.447081 4721245.527444)
1.00E+18,9582,14-Sep,Burial Mound,Annual agriculture,Annual agriculture,Valley Bottom or Plain,42.41083273,26.0553341,4695824.347,422269.9411,0.4,18,17,3 - damaged,Last month,POINT(422269.94107 4695824.346501)
1.00E+18,8376,14-Sep,Burial Mound,Annual agriculture,Annual agriculture,Lower slope,42.64317995,26.74220435,4721223.984,478866.3161,1.45,28,,2 - minor damage,Last month,POINT(478866.316069 4721223.983519)
1.00E+18,8377,14-Sep,Burial Mound,Annual agriculture,Scrub,Lower slope,42.64383983,26.74300737,4721297.057,478932.3695,3.5,25,,2 - minor damage,Unknown,POINT(478932.369468 4721297.057242)
1.00E+18,9583,14-Sep,Burial Mound,Urban (in a settlement or surrounded by infrastructure),Pasture (grassland),Valley Bottom or Plain,42.41403509,26.06017882,4696175.509,422672.517,0.6,14,13,3 - damaged,Last week,POINT(422672.516978 4696175.509019)
1.00E+18,8150,14-Sep,Burial Mound,Annual agriculture,Annual agriculture,Valley Bottom or Plain,42.55779069,26.70574259,4711752.06,475844.2747,1.5,60,55,3 - damaged,Last year,POINT(475844.274737 4711752.060217)
1.00E+18,8378,14-Sep,Burial Mound,Annual agriculture,Annual agriculture,Lower slope,42.64391798,26.74169733,4721306.063,478825.0015,1.3,30,,3 - damaged,Last month,POINT(478825.001511 4721306.062903)
1.00E+18,8379,14-Sep,Burial Mound,Annual agriculture,Annual agriculture,Lower slope,42.64431061,26.74055397,4721349.948,478731.4059,1.3,25,,3 - damaged,Last month,POINT(478731.405904 4721349.948168)
1.00E+18,8380,14-Sep,Burial Mound,Annual agriculture,Annual agriculture,Lower slope,42.64470376,26.74041181,4721393.64,478719.8857,0.8,18,,4 - seriously damaged,Last month,POINT(478719.885745 4721393.63971)
1.00E+18,9584,14-Sep,Burial Mound,Urban (in a settlement or surrounded by infrastructure),Pasture (grassland),Valley Bottom or Plain,42.41923309,26.06932143,4696744.403,423431.0922,2,19,18,4 - seriously damaged,Last year,POINT(423431.09219 4696744.403181)
1.00E+18,8381,14-Sep,Extinct Burial Mound,Annual agriculture,Annual agriculture,Lower slope,42.64460178,26.74380932,4721381.466,478998.3676,0,0,,5 - extinct or near extinct,Last month,POINT(478998.367587 4721381.46624)
1.00E+18,8151,14-Sep,Burial Mound,Annual agriculture,Annual agriculture,Valley Bottom or Plain,42.56838646,26.71562174,4712925.844,476659.209,0.8,55,50,3 - damaged,Last year,POINT(476659.208968 4712925.844047)
1.00E+18,9585,14-Sep,Burial Mound,Scrub,Scrub,Lower slope,42.41937669,26.0687763,4696760.84,423386.4176,2.6,30,30,4 - seriously damaged,Unknown,POINT(423386.417553 4696760.840005)
1.00E+18,8152,14-Sep,Burial Mound,Annual agriculture,Annual agriculture,Valley Bottom or Plain,42.57042774,26.72944384,4713148.792,477794.4048,1,40,35,4 - seriously damaged,Last year,POINT(477794.404802 4713148.79162)
1.00E+18,8153,14-Sep,Burial Mound,Annual agriculture,Annual agriculture,Valley Bottom or Plain,42.5765862,26.69620376,4713841.878,475068.7127,0.8,60,55,4 - seriously damaged,Last month,POINT(475068.712664 4713841.878012)
1.00E+18,8382,14-Sep,Surface Scatter,Annual agriculture,Annual agriculture,Upper slope,42.65247945,26.73995829,4722257.178,478685.363,0,150,,3 - damaged,Last month,POINT(478685.36304 4722257.178262)
1.00E+18,8154,14-Sep,Burial Mound,Annual agriculture,Annual agriculture,Valley Bottom or Plain,42.59585691,26.66852819,4715990.224,472805.87,1,60,55,4 - seriously damaged,Last month,POINT(472805.869956 4715990.223804)
1.00E+18,8383,14-Sep,Surface Scatter,Annual agriculture,Annual agriculture,Upper slope,42.65228682,26.73007714,4722238.327,477875.3736,0,150,,0 - No observation,Last month,POINT(477875.373627 4722238.326642)
1.00E+18,8384,14-Sep,Burial Mound,Scrub,Pasture (grassland),Hilltop,42.65134773,26.72751261,4722134.722,477664.8322,2.5,25,,2 - minor damage,Unknown,POINT(477664.832229 4722134.722159)
1.00E+18,8385,14-Sep,Burial Mound,Scrub,Scrub,Hilltop,42.65042453,26.72764953,4722032.173,477675.7245,3,30,,2 - minor damage,Unknown,POINT(477675.72453 4722032.172756)
1.00E+18,8155,14-Sep,Extinct Burial Mound,Annual agriculture,Annual agriculture,Valley Bottom or Plain,42.61255764,26.6897997,4717838.072,474557.7939,0,0,0,5 - extinct or near extinct,Last month,POINT(474557.793857 4717838.071988)
1.00E+18,8386,14-Sep,Extinct Burial Mound,Scrub,Pasture (grassland),Hilltop,42.64992832,26.72774941,4721977.046,477683.7343,3,30,,5 - extinct or near extinct,Unknown,POINT(477683.734318 4721977.046082)
1.00E+18,8156,14-Sep,Burial Mound,Annual agriculture,Annual agriculture,Valley Bottom or Plain,42.61120343,26.69773316,4717685.344,475207.9494,0.8,60,60,4 - seriously damaged,Last month,POINT(475207.949372 4717685.343928)
1.00E+18,9586,15-Sep,Burial Mound,Annual agriculture,Pasture (grassland),Lower slope,42.31814355,26.61485191,4685172.139,468262.3038,7,45,45,2 - minor damage,Unknown,POINT(468262.303824 4685172.139061)
1.00E+18,9587,15-Sep,Burial Mound,Annual agriculture,Pasture (grassland),Lower slope,42.31883148,26.61519642,4685248.395,468291.0384,2,30,30,4 - seriously damaged,Last month,POINT(468291.038352 4685248.395125)
1.00E+18,9588,15-Sep,Burial Mound,Pasture (grassland),Pasture (grassland),Lower slope,42.31630191,26.61322669,4684968.259,468127.4504,7,45,40,2 - minor damage,Unknown,POINT(468127.450421 4684968.258547)
1.00E+18,8387,15-Sep,Burial Mound,Annual agriculture,Scrub,Hilltop,42.37069033,26.68817614,4690981.965,474325.9007,2.8,33,,2 - minor damage,Unknown,POINT(474325.900682 4690981.965327)
1.00E+18,8157,15-Sep,Burial Mound,Annual agriculture,Annual agriculture,Valley Bottom or Plain,42.37328677,26.69571289,4691268.015,474947.473,0.8,40,50,4 - seriously damaged,Last year,POINT(474947.473013 4691268.014998)
1.00E+18,8388,15-Sep,Uncertain Mound,Annual agriculture,Annual agriculture,Hilltop,42.36998376,26.68746995,4690903.723,474267.4673,0.4,15,,4 - seriously damaged,Last month,POINT(474267.467296 4690903.723142)
1.00E+18,9589,15-Sep,Burial Mound,Pasture (grassland),Pasture (grassland),Lower slope,42.31521899,26.61229091,4684848.368,468049.7878,1,15,13,2 - minor damage,Unknown,POINT(468049.787759 4684848.367988)
1.00E+18,8389,15-Sep,Burial Mound,Annual agriculture,Annual agriculture,Hilltop,42.37009877,26.68690912,4690916.664,474221.3384,1,28,,3 - damaged,Last month,POINT(474221.338445 4690916.663801)
1.00E+18,9590,15-Sep,Burial Mound,Pasture (grassland),Pasture (grassland),Lower slope,42.31461665,26.61197769,4684781.604,468023.6714,1.5,19,18,2 - minor damage,Unknown,POINT(468023.671395 4684781.604499)
1.00E+18,8390,15-Sep,Burial Mound,Annual agriculture,Other (explain in notes) (dirt road),Upper slope,42.37046618,26.68530493,4690957.947,474089.406,0.8,32,,4 - seriously damaged,Last month,POINT(474089.405998 4690957.947345)
1.00E+18,8391,15-Sep,Burial Mound,Annual agriculture,Annual agriculture,Hilltop,42.37002416,26.6842255,4690909.196,474000.3485,1.5,35,,3 - damaged,Last month,POINT(474000.34847 4690909.195911)
1.00E+18,9591,15-Sep,Burial Mound,Annual agriculture,Annual agriculture,Upper slope,42.3087997,26.60858275,4684136.999,467740.9289,1.5,20,20,2 - minor damage,Last month,POINT(467740.928942 4684136.999067)
1.00E+18,8158,15-Sep,Burial Mound,Pasture (grassland),Pasture (grassland),Hilltop,42.40829294,26.76341679,4695137.247,480532.486,1,35,30,1 - pristine,,POINT(480532.486032 4695137.247436)
1.00E+18,9592,15-Sep,Burial Mound,Annual agriculture,Annual agriculture,Upper slope,42.30630193,26.60856135,4683859.668,467737.8901,1.1,18,18,2 - minor damage,Last month,POINT(467737.890101 4683859.667948)
1.00E+18,9593,15-Sep,Burial Mound,Annual agriculture,Annual agriculture,Lower slope,42.30544709,26.60860502,4683764.734,467741.0527,0.9,16,16,3 - damaged,Last month,POINT(467741.052669 4683764.733836)
1.00E+18,8392,15-Sep,Burial Mound,Annual agriculture,Other (explain in notes) (water canal and field division),Hilltop (local maximum),42.36872282,26.67250379,4690768.352,473034.6708,1.2,35,,4 - seriously damaged,Last month,POINT(473034.670826 4690768.351956)
1.00E+18,9594,15-Sep,Burial Mound,Annual agriculture,Annual agriculture,Lower slope,42.30514667,26.60872436,4683731.331,467750.7356,0.9,17,17,2 - minor damage,Last month,POINT(467750.735617 4683731.330786)
1.00E+18,9595,15-Sep,Burial Mound,Annual agriculture,Annual agriculture,Lower slope,42.30512701,26.60828547,4683729.315,467714.5513,0.8,14,14,2 - minor damage,Last month,POINT(467714.551263 4683729.314612)
1.00E+18,9596,15-Sep,Burial Mound,Annual agriculture,Annual agriculture,Lower slope,42.30454224,26.6079904,4683664.496,467689.9327,0.9,17,17,2 - minor damage,Last month,POINT(467689.932668 4683664.496323)
1.00E+18,8393,15-Sep,Burial Mound,Annual agriculture,Other (explain in notes) (same as before),Hilltop,42.36299756,26.6664066,4690134.593,472530.1468,1.2,30,,4 - seriously damaged,Last month,POINT(472530.146829 4690134.593372)
1.00E+18,8159,15-Sep,Burial Mound,Annual agriculture,Pasture (grassland),Valley Bottom or Plain,42.37047526,26.73536244,4690944.913,478210.9253,2.5,35,25,3 - damaged,Last month,POINT(478210.925311 4690944.913238)
1.00E+18,9597,15-Sep,Burial Mound,Annual agriculture,Annual agriculture,Upper slope,42.31258668,26.61059394,4684556.727,467908.6074,3.5,24,24,2 - minor damage,Last month,POINT(467908.607428 4684556.726559)
1.00E+18,8394,15-Sep,Extinct Burial Mound,Annual agriculture,Annual agriculture,Hilltop,42.36200194,26.66481155,4690024.559,472398.3653,0.3,30,,5 - extinct or near extinct,Last month,POINT(472398.365331 4690024.559482)
1.00E+18,9598,15-Sep,Burial Mound,Annual agriculture,Annual agriculture,Lower slope,42.31339616,26.60663614,4684648.107,467582.8554,1.6,19,18,2 - minor damage,Last month,POINT(467582.855421 4684648.10733)
1.00E+18,8395,15-Sep,Burial Mound,Annual agriculture,Annual agriculture,Hilltop,42.3574834,26.65786765,4689525.116,471824.54,2.5,40,,3 - damaged,Last week,POINT(471824.540001 4689525.115943)
1.00E+18,9599,15-Sep,Burial Mound,Annual agriculture,Annual agriculture,Lower slope,42.31368084,26.60582017,4684680.028,467515.7576,5,29,29,3 - damaged,Unknown,POINT(467515.75758 4684680.028279)
1.00E+18,8396,15-Sep,Extinct Burial Mound,Annual agriculture,Annual agriculture,Hilltop,42.35176889,26.65653932,4688891.042,471712.5856,0,0,,5 - extinct or near extinct,Last week,POINT(471712.585563 4688891.041811)
1.00E+18,8160,15-Sep,Burial Mound,Annual agriculture,Scrub,Valley Bottom or Plain,42.37600317,26.71720424,4691563.525,476717.9008,3.5,40,40,2 - minor damage,Last month,POINT(476717.900849 4691563.524562)
1.00E+18,9600,15-Sep,Burial Mound,Pasture (grassland),Pasture (grassland),Valley Bottom or Plain,42.31779588,26.60226921,4685138.304,467225.2586,1.6,17,17,3 - damaged,Last year,POINT(467225.258619 4685138.303699)
1.00E+18,8397,15-Sep,Burial Mound,Annual agriculture,Annual agriculture,Hilltop,42.34609813,26.65351338,4688262.394,471460.8043,2.3,40,,3 - damaged,Last week,POINT(471460.804264 4688262.394331)
1.00E+18,9601,15-Sep,Burial Mound,Annual agriculture,Pasture (grassland),Valley Bottom or Plain,42.3197574,26.5982538,4685357.657,466895.3991,3.5,24,20,3 - damaged,Unknown,POINT(466895.399139 4685357.656734)
1.00E+18,8161,15-Sep,Burial Mound,Annual agriculture,Scrub,Valley Bottom or Plain,42.37449717,26.72053662,4691395.397,476991.7006,2,50,45,0 - No observation,Unknown,POINT(476991.700618 4691395.396565)
1.00E+18,9602,15-Sep,Burial Mound,Annual agriculture,Annual agriculture,Valley Bottom or Plain,42.31980835,26.59878163,4685363.109,466938.9204,0.4,15,15,3 - damaged,Last month,POINT(466938.920393 4685363.108625)
1.00E+18,9603,15-Sep,Burial Mound,Annual agriculture,Annual agriculture,Valley Bottom or Plain,42.31951511,26.59983176,4685330.141,467025.2994,0.4,15,15,3 - damaged,Last month,POINT(467025.299428 4685330.141238)
1.00E+18,8398,15-Sep,Burial Mound,Annual agriculture,Scrub,Hilltop,42.34853821,26.64759704,4688535.333,470974.6124,1.7,27,,4 - seriously damaged,Last week,POINT(470974.61244 4688535.332572)
1.00E+18,8399,15-Sep,Burial Mound,Annual agriculture,Annual agriculture,Hilltop (ridge),42.34828452,26.64679311,4688507.439,470908.2799,1.4,25,,4 - seriously damaged,Last week,POINT(470908.279946 4688507.438951)
1.00E+18,8162,15-Sep,Burial Mound,Annual agriculture,Annual agriculture,Valley Bottom or Plain,42.36930615,26.71274814,4690821.143,476348.5253,0.8,60,50,4 - seriously damaged,Last year,POINT(476348.525262 4690821.142819)
1.00E+18,8400,15-Sep,Burial Mound,Annual agriculture,Annual agriculture,Hilltop,42.34735609,26.6436895,4688405.416,470652.2205,2,34,,3 - damaged,Last week,POINT(470652.220456 4688405.416363)
1.00E+18,9604,15-Sep,Burial Mound,Annual agriculture,Annual agriculture,Valley Bottom or Plain,42.32097905,26.61122887,4685488.337,467965.1899,1.6,19,19,3 - damaged,Last week,POINT(467965.189892 4685488.337066)
1.00E+18,9605,15-Sep,Burial Mound,Annual agriculture,Annual agriculture,Hilltop,42.33109308,26.61552894,4686609.742,468324.5912,1.5,19,15,3 - damaged,Last week,POINT(468324.591161 4686609.742444)
1.00E+18,9606,15-Sep,Burial Mound,Annual agriculture,Pasture (grassland),Valley Bottom or Plain,42.3337217,26.61316695,4686902.495,468131.3204,1.9,20,18,2 - minor damage,Last month,POINT(468131.320443 4686902.495262)
1.00E+18,9607,15-Sep,Burial Mound,Annual agriculture,Annual agriculture,Valley Bottom or Plain,42.33596104,26.61055881,4687152.122,467917.5906,0.8,20,20,2 - minor damage,Last month,POINT(467917.590624 4687152.121998)
1.00E+18,9608,15-Sep,Burial Mound,Annual agriculture,Annual agriculture,Hilltop,42.33652139,26.61004075,4687214.536,467875.1977,2,26,24,4 - seriously damaged,Last year,POINT(467875.197677 4687214.535885)
1.00E+18,8401,15-Sep,Burial Mound,Annual agriculture,Annual agriculture,Hilltop,42.33599817,26.64388289,4687144.215,470662.8702,0.8,30,,4 - seriously damaged,Last week,POINT(470662.870212 4687144.215145)
1.00E+18,9609,15-Sep,Burial Mound,Annual agriculture,Pasture (grassland),Hilltop,42.33625845,26.61084262,4687185.037,467941.1219,2,25,22,3 - damaged,Unknown,POINT(467941.121852 4687185.037208)
1.00E+18,8163,15-Sep,Burial Mound,Annual agriculture,Annual agriculture,Valley Bottom or Plain,42.35961469,26.70182631,4689748.137,475445.4795,0.5,60,55,4 - seriously damaged,Last year,POINT(475445.479473 4689748.137229)
1.00E+18,9610,15-Sep,Burial Mound,Annual agriculture,Annual agriculture,Hilltop,42.3361807,26.61131392,4687176.228,467979.9087,1.4,18,17,3 - damaged,Last month,POINT(467979.908705 4687176.227636)
1.00E+18,9611,15-Sep,Burial Mound,Annual agriculture,Pasture (grassland),Hilltop,42.33686453,26.61085046,4687252.331,467942.076,2.8,27,25,3 - damaged,Unknown,POINT(467942.075965 4687252.33118)
1.00E+18,9612,15-Sep,Burial Mound,Annual agriculture,Pasture (grassland),Hilltop,42.33723779,26.61091894,4687293.751,467947.9068,2,23,22,4 - seriously damaged,Unknown,POINT(467947.906849 4687293.750889)
1.00E+18,9613,15-Sep,Burial Mound,Annual agriculture,Pasture (grassland),Hilltop,42.3374745,26.61115153,4687319.947,467967.1875,2.1,25,23,2 - minor damage,Unknown,POINT(467967.187477 4687319.946568)
1.00E+18,8165,15-Sep,Burial Mound,Annual agriculture,Scrub,Valley Bottom or Plain,42.35268841,26.7077687,4688977.372,475932.1906,4.5,50,50,2 - minor damage,Last year,POINT(475932.190649 4688977.372107)
1.00E+18,8166,15-Sep,Surface Scatter,Annual agriculture,Annual agriculture,Valley Bottom or Plain,42.35249345,26.70805699,4688955.643,475955.8599,0,0,0,0 - No observation,Last month,POINT(475955.859897 4688955.643042)
1.00E+18,8167,15-Sep,Burial Mound,Pasture (grassland),Pasture (grassland),Valley Bottom or Plain,42.35265752,26.69371402,4688978.016,474774.6515,2,40,40,3 - damaged,Last year,POINT(474774.651533 4688978.015829)
1.00E+18,8168,15-Sep,Burial Mound,Annual agriculture,Scrub,Valley Bottom or Plain,42.35318871,26.69436062,4689036.805,474828.1169,5,60,50,2 - minor damage,Last month,POINT(474828.116895 4689036.805401)
1.00E+18,8169,15-Sep,Burial Mound,Annual agriculture,Annual agriculture,Valley Bottom or Plain,42.35360834,26.69529276,4689083.123,474905.0526,2.5,60,60,2 - minor damage,Last year,POINT(474905.05259 4689083.123248)
1.00E+18,8170,15-Sep,Burial Mound,Annual agriculture,Annual agriculture,Valley Bottom or Plain,42.3429547,26.69110208,4687901.433,474555.6219,0.4,45,40,5 - extinct or near extinct,Last year,POINT(474555.621896 4687901.433237)
1.00E+18,9614,18-Sep,Burial Mound,Pasture (grassland),Pasture (grassland),Hilltop,42.36666778,26.25327912,4690758.237,438514.482,1.7,18,14,3 - damaged,Unknown,POINT(438514.481987 4690758.237284)
1.00E+18,8171,18-Sep,Extinct Burial Mound,Annual agriculture,Annual agriculture,Valley Bottom or Plain,42.36573849,26.24892448,4690658.21,438155.0045,0,0,0,5 - extinct or near extinct,Last year,POINT(438155.004504 4690658.210086)
1.00E+18,9615,18-Sep,Burial Mound,Pasture (grassland),Pasture (grassland),Hilltop,42.36770471,26.2569281,4690870.743,438815.9497,3.5,35,30,4 - seriously damaged,Unknown,POINT(438815.949674 4690870.742705)
1.00E+18,8172,18-Sep,Extinct Burial Mound,Annual agriculture,Annual agriculture,Valley Bottom or Plain,42.33427265,26.26795677,4687150.685,439692.0948,0,0,0,5 - extinct or near extinct,Last year,POINT(439692.094828 4687150.684865)
1.00E+18,9616,18-Sep,Extinct Burial Mound,Pasture (grassland),Pasture (grassland),Hilltop,42.37233763,26.25230303,4691388.506,438439.6472,0,0,,5 - extinct or near extinct,Unknown,POINT(438439.647239 4691388.505845)
1.00E+18,8173,18-Sep,Burial Mound,Annual agriculture,Scrub,Valley Bottom or Plain,42.30242283,26.28358029,4683603.255,440949.4411,1,40,35,1 - pristine,,POINT(440949.441092 4683603.254611)
1.00E+18,9617,18-Sep,Burial Mound,Pasture (grassland),Pasture (grassland),Hilltop,42.37360882,26.25113085,4691530.505,438344.3806,3.1,30,28,4 - seriously damaged,Last year,POINT(438344.380611 4691530.50534)
1.00E+18,9338,18-Sep,Burial Mound,Annual agriculture,Annual agriculture,Valley Bottom or Plain,42.30934423,26.25672752,4684390.754,438742.8127,1.2,50,45,4 - seriously damaged,Last month,POINT(438742.812742 4684390.754434)
1.00E+18,9071,18-Sep,Burial Mound,Pasture (grassland),Pasture (grassland),Valley Bottom or Plain,42.27833408,26.24963991,4680952.653,438128.3343,1.5,50,50,4 - seriously damaged,Unknown,POINT(438128.334307 4680952.652933)
1.00E+18,9618,18-Sep,Uncertain Mound,Annual agriculture,Pasture (grassland),Valley Bottom or Plain,42.36839218,26.23314229,4690964.468,436858.12,0.5,15,15,4 - seriously damaged,Unknown,POINT(436858.119991 4690964.46849)
1.00E+18,9619,18-Sep,Burial Mound,Scrub,Scrub,Lower slope,42.36986414,26.23295806,4691128.047,436844.4248,3.5,25,20,4 - seriously damaged,Last year,POINT(436844.424799 4691128.046845)
1.00E+18,9620,18-Sep,Burial Mound,Scrub,Scrub,Lower slope,42.37030914,26.23238006,4691177.888,436797.2802,1.1,14,14,3 - damaged,Unknown,POINT(436797.280199 4691177.88801)
1.00E+18,9621,18-Sep,Extinct Burial Mound,Scrub,Scrub,Lower slope,42.37243731,26.22875332,4691416.896,436500.8113,0,0,0,0 - No observation,Unknown,POINT(436500.811324 4691416.896406)
1.00E+18,8174,18-Sep,Burial Mound,Annual agriculture,Annual agriculture,Valley Bottom or Plain,42.30587417,26.21896581,4684033.321,435627.1082,1.5,40,30,3 - damaged,Unknown,POINT(435627.108211 4684033.321224)
1.00E+18,8175,18-Sep,Burial Mound,Annual agriculture,Annual agriculture,"Valley Bottom or Plain well positioned, good view around",42.30596467,26.21922387,4684043.174,435648.47,2,35,30,3 - damaged,Last year,POINT(435648.469981 4684043.174302)
1.00E+18,9622,18-Sep,Burial Mound,Annual agriculture,Annual agriculture,Valley Bottom or Plain,42.36392091,26.22725637,4690472.381,436368.9671,1.4,21,20,3 - damaged,Last month,POINT(436368.967132 4690472.380549)
1.00E+18,8176,18-Sep,Burial Mound,Annual agriculture,Pasture (grassland),Valley Bottom or Plain,42.30638583,26.21892651,4684090.163,435624.3907,4.5,45,40,3 - damaged,Unknown,POINT(435624.390742 4684090.162997)
1.00E+18,8177,18-Sep,Burial Mound,Annual agriculture,Annual agriculture,Valley Bottom or Plain,42.30679874,26.21886562,4684136.057,435619.7929,1.8,55,50,3 - damaged,Unknown,POINT(435619.792949 4684136.056876)
1.00E+18,8178,18-Sep,Burial Mound,Annual agriculture,Annual agriculture,Valley Bottom or Plain,42.30720414,26.21847367,4684181.368,435587.9017,1.5,50,45,3 - damaged,Last year,POINT(435587.901749 4684181.367914)
1.00E+18,8179,18-Sep,Burial Mound,Annual agriculture,Annual agriculture,Valley Bottom or Plain,42.32572116,26.21823093,4686237.607,435586.7834,2.5,60,50,4 - seriously damaged,Last year,POINT(435586.783413 4686237.606672)
1.00E+18,8180,18-Sep,Extinct Burial Mound,Annual agriculture,Annual agriculture,Valley Bottom or Plain,42.35029121,26.19297985,4688985.203,433532.1109,0,0,,5 - extinct or near extinct,Last month,POINT(433532.110881 4688985.202934)
1.00E+18,8181,18-Sep,Burial Mound,Annual agriculture,Annual agriculture,Valley Bottom or Plain,42.33134494,26.17663458,4686894.379,432165.5074,1.1,45,35,4 - seriously damaged,Last month,POINT(432165.507434 4686894.379126)
1.00E+18,8182,18-Sep,Extinct Burial Mound,Annual agriculture,Annual agriculture,Hilltop,42.33471483,26.16857125,4687275.02,431504.8477,0,0,,5 - extinct or near extinct,Last month,POINT(431504.847724 4687275.020362)
1.00E+18,8183,18-Sep,Surface Scatter,Annual agriculture,Annual agriculture,Valley Bottom or Plain,42.33610254,26.16838147,4687429.26,431490.7193,0,0,,4 - seriously damaged,Last month,POINT(431490.719279 4687429.26007)
1.00E+18,8184,18-Sep,Burial Mound,Annual agriculture,Annual agriculture,Valley Bottom or Plain,42.33742294,26.16727655,4687576.763,431401.1299,0.9,35,30,4 - seriously damaged,Last month,POINT(431401.129881 4687576.762844)
1.00E+18,8185,18-Sep,Burial Mound,Annual agriculture,Annual agriculture,Valley Bottom or Plain,42.31543367,26.16978861,4685133.132,431584.2482,2.3,55,50,3 - damaged,Last month,POINT(431584.248179 4685133.13225)
1.00E+18,8186,18-Sep,Burial Mound,Annual agriculture,Annual agriculture,Valley Bottom or Plain,42.31697503,26.16519201,4685307.984,431207.1292,1.2,40,54,4 - seriously damaged,Last month,POINT(431207.129173 4685307.984454)
1.00E+18,8187,18-Sep,Burial Mound,Annual agriculture,Annual agriculture,Valley Bottom or Plain,42.31669978,26.16474742,4685277.782,431170.1924,1.1,28,25,4 - seriously damaged,Last month,POINT(431170.192424 4685277.782017)
1.00E+18,9623,19-Sep,Uncertain Mound,Scrub,Scrub,Valley Bottom or Plain,42.4379271,26.05640776,4698831.882,422391.7136,0,0,,0 - No observation,Unknown,POINT(422391.713632 4698831.881839)
1.00E+18,9624,19-Sep,Burial Mound,Pasture (grassland),Pasture (grassland),Hilltop,42.42848792,26.04931326,4697790.277,421796.4673,1.6,20,19,3 - damaged,Unknown,POINT(421796.467314 4697790.277336)
1.00E+18,9625,19-Sep,Burial Mound,Pasture (grassland),Pasture (grassland),Hilltop,42.42757515,26.05276711,4697685.75,422079.4531,1.5,18,,3 - damaged,Unknown,POINT(422079.453106 4697685.749701)
1.00E+18,8402,19-Sep,Burial Mound,Scrub,Scrub,Hilltop,42.40441828,26.56017847,4694773.592,463806.5424,1.9,28,,3 - damaged,,POINT(463806.542399 4694773.592084)
1.00E+18,9626,19-Sep,Extinct Burial Mound,Pasture (grassland),Pasture (grassland),Hilltop,42.42787277,26.05475705,4697716.973,422243.5171,3,50,50,0 - No observation,Unknown,POINT(422243.517069 4697716.973166)
1.00E+18,9627,19-Sep,Burial Mound,Pasture (grassland),Pasture (grassland),Valley Bottom or Plain,42.42389357,26.06724955,4697263.765,423266.3161,1.2,22,20,4 - seriously damaged,Unknown,POINT(423266.316115 4697263.765071)
1.00E+18,8403,19-Sep,Burial Mound,Annual agriculture,Scrub,Hilltop,42.39552412,26.56807823,4693782.677,464451.6049,2.5,35,,2 - minor damage,Last month,POINT(464451.604872 4693782.676761)
1.00E+18,9628,19-Sep,Burial Mound,Pasture (grassland),Pasture (grassland),Lower slope,42.42387215,26.06755046,4697261.115,423291.0449,1.2,24,23,2 - minor damage,Unknown,POINT(423291.044862 4697261.114971)
1.00E+18,8188,19-Sep,Burial Mound,Annual agriculture,"Other (explain in notes) (mix of agriculture, pasture, and bush)",Valley Bottom or Plain,42.42587576,26.7024951,4697105.35,475526.3111,0.8,45,40,3 - damaged,Last year,POINT(475526.311091 4697105.349801)
1.00E+18,8189,19-Sep,Burial Mound,Annual agriculture,Annual agriculture,Valley Bottom or Plain,42.42540049,26.70286788,4697052.47,475556.7923,0.8,35,30,5 - extinct or near extinct,Last year,POINT(475556.792311 4697052.469578)
1.00E+18,8190,19-Sep,Burial Mound,Annual agriculture,Annual agriculture,Valley Bottom or Plain,42.42494002,26.7025868,4697001.422,475533.4902,0.8,50,40,5 - extinct or near extinct,Last year,POINT(475533.490248 4697001.421563)
1.00E+18,8191,19-Sep,Burial Mound,Annual agriculture,Annual agriculture,Valley Bottom or Plain,42.42453055,26.70247797,4696955.986,475524.3785,0.8,40,35,5 - extinct or near extinct,Last year,POINT(475524.378548 4696955.985699)
1.00E+18,8404,19-Sep,Burial Mound,Annual agriculture,Annual agriculture,Hilltop,42.40102452,26.58878251,4694384.97,466158.5845,1.5,28,,4 - seriously damaged,Last month,POINT(466158.584548 4694384.970106)
1.00E+18,9629,19-Sep,Burial Mound,Pasture (grassland),Pasture (grassland),Hilltop,42.42454293,26.08226234,4697322.414,424502.1476,1.75,15,15,4 - seriously damaged,Unknown,POINT(424502.147626 4697322.413635)
1.00E+18,8192,19-Sep,Surface Scatter,Annual agriculture,Annual agriculture,Valley Bottom or Plain,42.42543653,26.7020161,4697056.717,475486.7359,0,0,,0 - No observation,Last week,POINT(475486.73588 4697056.716923)
1.00E+18,9630,19-Sep,Burial Mound,Pasture (grassland),Pasture (grassland),Hilltop,42.42442958,26.08896296,4697303.892,425053.2445,1.7,25,20,3 - damaged,Unknown,POINT(425053.244518 4697303.891988)
1.00E+18,8405,19-Sep,Burial Mound,Annual agriculture,Pasture (grassland) (with a 4 m grass patch),"Hilltop (ridge , excellent visibility within 10 km radius)",42.40835322,26.60348546,4695192.975,467372.3729,0.6,16,,4 - seriously damaged,Last month,POINT(467372.372939 4695192.975172)
1.00E+18,9631,19-Sep,Burial Mound,Pasture (grassland),Pasture (grassland),Hilltop,42.42316832,26.09059671,4697162.403,425186.1471,1.6,35,30,3 - damaged,Unknown,POINT(425186.147116 4697162.402769)
1.00E+18,8193,19-Sep,Burial Mound,Annual agriculture,Annual agriculture,Valley Bottom or Plain,42.40772245,26.69574904,4695091.625,474964.1386,1.2,45,40,5 - extinct or near extinct,Last month,POINT(474964.138554 4695091.624808)
1.00E+18,8406,19-Sep,Burial Mound,Annual agriculture,Annual agriculture,Upper slope,42.39285618,26.60375689,4693472.128,467386.6837,1,20,,4 - seriously damaged,Last month,POINT(467386.683655 4693472.127897)
1.00E+18,9632,19-Sep,Burial Mound,Pasture (grassland),Pasture (grassland),Upper slope,42.42221828,26.08876921,4697058.524,425034.6712,1,30,25,4 - seriously damaged,Unknown,POINT(425034.671182 4697058.524098)
1.00E+18,8194,19-Sep,Burial Mound,Pasture (grassland),Pasture (grassland),Valley Bottom or Plain,42.39545336,26.69486596,4693729.565,474886.5797,1.3,25,12,5 - extinct or near extinct,Unknown,POINT(474886.57969 4693729.564954)
1.00E+18,8195,19-Sep,Burial Mound,Pasture (grassland),Pasture (grassland),Valley Bottom or Plain,42.39607472,26.69563401,4693798.332,474950.0396,2,35,25,3 - damaged,Unknown,POINT(474950.039631 4693798.332371)
1.00E+18,9633,19-Sep,Burial Mound,Pasture (grassland),Pasture (grassland),Lower slope,42.42138003,26.08452686,4696969.199,424684.6545,2.7,30,26,3 - damaged,Unknown,POINT(424684.6545 4696969.199353)
1.00E+18,9634,19-Sep,Burial Mound,Pasture (grassland),Pasture (grassland),Lower slope,42.41982352,26.08333166,4696797.428,424584.4604,2.1,28,25,4 - seriously damaged,Last year,POINT(424584.460358 4696797.427599)
1.00E+18,8407,19-Sep,Burial Mound,Annual agriculture,"Pasture (grassland) (scrub only on 10% out mound, otherwise it''s stubble from the field)",Hilltop,42.38278295,26.60431618,4692353.416,467427.5096,1.75,30,25,4 - seriously damaged,Last month,POINT(467427.509605 4692353.415984)
1.00E+18,8196,19-Sep,Burial Mound,Annual agriculture,Annual agriculture,Valley Bottom or Plain,42.39170715,26.70793805,4693309.818,475961.022,1.2,55,50,4 - seriously damaged,Last month,POINT(475961.021972 4693309.817781)
1.00E+18,9635,19-Sep,Burial Mound,Pasture (grassland),Pasture (grassland),Lower slope,42.41942536,26.08275713,4696753.727,424536.7148,1.2,25,25,2 - minor damage,Unknown,POINT(424536.714808 4696753.727121)
1.00E+18,9636,19-Sep,Burial Mound,Pasture (grassland),Pasture (grassland),Lower slope,42.41769111,26.08063675,4696563.045,424360.1812,3,40,35,3 - damaged,Unknown,POINT(424360.18117 4696563.044979)
1.00E+18,9637,19-Sep,Burial Mound,Pasture (grassland),Pasture (grassland),Lower slope,42.41686453,26.07984916,4696471.965,424294.3887,2.1,24,23,3 - damaged,Unknown,POINT(424294.388651 4696471.965073)
1.00E+18,8197,19-Sep,Burial Mound,Perennial agriculture (e.g orchard or vineyard),Perennial agriculture (e.g orchard or vineyard),Valley Bottom or Plain,42.39284757,26.72205854,4693432.549,477123.664,1.2,40,30,4 - seriously damaged,Last year,POINT(477123.66399 4693432.54893)
1.00E+18,8408,19-Sep,Burial Mound,Annual agriculture,Annual agriculture,Upper slope,42.38367898,26.58384107,4692460.957,465742.493,2.2,36,,3 - damaged,Last week (ploughed as we stand on it),POINT(465742.493035 4692460.957459)
1.00E+18,8409,19-Sep,Burial Mound,Annual agriculture,Annual agriculture,Upper slope,42.38180441,26.57647614,4692255.806,465135.1859,0.9,17,,4 - seriously damaged,Last month,POINT(465135.185941 4692255.806123)
1.00E+18,8198,19-Sep,Burial Mound,Annual agriculture,Scrub,Valley Bottom or Plain,42.39734534,26.71407036,4693934.147,476467.8664,7,55,55,4 - seriously damaged,Last year,POINT(476467.866428 4693934.147483)
1.00E+18,8199,19-Sep,Burial Mound,Annual agriculture,Annual agriculture,Valley Bottom or Plain,42.39793391,26.71351177,4693999.655,476422.1142,2,60,55,4 - seriously damaged,Last year,POINT(476422.114238 4693999.654638)
1.00E+18,8410,19-Sep,Surface Scatter,Annual agriculture,Annual agriculture,Lower slope,42.37246589,26.57889887,4691217.899,465329.4913,0.5,100,,3 - damaged,Last month,POINT(465329.491281 4691217.899299)
1.00E+18,8411,19-Sep,Burial Mound,Annual agriculture,Annual agriculture,Hilltop,42.37267683,26.58172026,4691240.175,465561.9005,1.4,25,,3 - damaged,Last month,POINT(465561.900486 4691240.174638)
1.00E+18,8412,19-Sep,Burial Mound,Annual agriculture,Annual agriculture,Hilltop,42.37281273,26.58218179,4691255.078,465599.9731,0.3,15,,5 - extinct or near extinct,Last week,POINT(465599.973108 4691255.078101)
1.00E+18,8413,19-Sep,Burial Mound,Annual agriculture,Annual agriculture,Hilltop,42.37039156,26.59465723,4690981.267,466625.8272,0.3,15,,5 - extinct or near extinct,Last week,POINT(466625.827195 4690981.26665)
1.00E+18,8414,19-Sep,Burial Mound,Annual agriculture,Annual agriculture,Hilltop,42.36982063,26.59540137,4690917.581,466686.7954,1.15,25,,3 - damaged,Last week,POINT(466686.795393 4690917.581284)
1.00E+18,9400,20-Sep,Burial Mound,Annual agriculture,Annual agriculture,Valley Bottom or Plain,42.44528436,26.27756544,4699470.352,440588.4763,1.8,55,50,2 - minor damage,Last month,POINT(440588.476281 4699470.351716)
1.00E+18,9638,20-Sep,Burial Mound,Annual agriculture,Annual agriculture,Valley Bottom or Plain,42.45454954,26.27787542,4700498.926,440622.7206,1.6,39,35,4 - seriously damaged,Last month,POINT(440622.720593 4700498.925841)
1.00E+18,9639,20-Sep,Surface Scatter,Annual agriculture,Annual agriculture,Valley Bottom or Plain,42.4590303,26.28253038,4700993.216,441009.6863,0,100,100,3 - damaged,Last month,POINT(441009.686316 4700993.216383)
1.00E+18,9640,20-Sep,Burial Mound,Perennial agriculture (e.g orchard or vineyard),Perennial agriculture (e.g orchard or vineyard),Valley Bottom or Plain,42.46006536,26.28660297,4701105.326,441345.5019,0.8,25,23,3 - damaged,Unknown,POINT(441345.501876 4701105.32611)
1.00E+18,8200,20-Sep,Burial Mound,Forest,Forest,Hilltop,42.27421933,26.58221865,4680307.703,465549.2602,0.5,10,10,5 - extinct or near extinct,Unknown,POINT(465549.260162 4680307.703443)
1.00E+18,8415,20-Sep,Burial Mound,Pasture (grassland),Pasture (grassland),Hilltop (edge of a cliff!),42.30640574,26.55841562,4683891.417,463604.9649,1.1,13,10,3 - damaged,Last month,POINT(463604.964936 4683891.4169)
1.00E+18,8416,20-Sep,Extinct Burial Mound,Other (explain in notes) (sand quarry at work),Other (explain in notes),Hilltop,42.3086655,26.56087286,4684141.282,463808.7836,0,0,,5 - extinct or near extinct,Last week,POINT(463808.783635 4684141.282011)
1.00E+18,8417,20-Sep,Extinct Burial Mound,Other (explain in notes) (sand quarry),Other (explain in notes),Hilltop,42.30872371,26.56085736,4684147.752,463807.5395,0,0,,5 - extinct or near extinct,Last week,POINT(463807.539522 4684147.751916)
1.00E+18,8201,20-Sep,Surface Scatter,Forest,Forest,,42.27997579,26.60231899,4680938.935,467209.745,8,45,45,2 - minor damage,Last year,POINT(467209.744995 4680938.934936)
1.00E+18,9641,20-Sep,Burial Mound,Annual agriculture,Annual agriculture,Valley Bottom or Plain,42.45483635,26.30666296,4700511.035,442990.0704,2.6,43,39,3 - damaged,Last year,POINT(442990.070425 4700511.035069)
1.00E+18,8202,20-Sep,Burial Mound,Forest,Scrub,Hilltop,42.28059626,26.60167666,4681008.076,467157.1041,5,45,45,2 - minor damage,Unknown,POINT(467157.104138 4681008.075674)
1.00E+18,8418,20-Sep,Surface Scatter,Pasture (grassland),Pasture (grassland),Hilltop,42.31092922,26.55627709,4684394.599,463431.3267,1,100,,2 - minor damage,Last month,POINT(463431.326685 4684394.599066)
1.00E+18,8203,20-Sep,Burial Mound,Annual agriculture,Annual agriculture,Valley Bottom or Plain,42.28128901,26.61004932,4681081.8,467847.8076,1.8,50,45,4 - seriously damaged,Last month,POINT(467847.807585 4681081.799989)
1.00E+18,9642,20-Sep,Surface Scatter,Annual agriculture,Annual agriculture,Valley Bottom or Plain,42.45642653,26.32233461,4700677.2,444280.0939,0,100,100,3 - damaged,Last month,POINT(444280.09387 4700677.199505)
1.00E+18,8204,20-Sep,Burial Mound,Annual agriculture,Scrub,Valley Bottom or Plain,42.3341879,26.57512027,4686969.212,464997.1528,1.2,30,20,3 - damaged,Unknown,POINT(464997.152764 4686969.212456)
1.00E+18,9643,20-Sep,Uncertain Mound,Annual agriculture,Annual agriculture,Valley Bottom or Plain,42.45536524,26.32316986,4700558.807,444347.8313,1.5,50,45,3 - damaged,Last month,POINT(444347.831344 4700558.8072)
1.00E+18,8419,20-Sep,Surface Scatter,Annual agriculture,Annual agriculture,Lower slope,42.3131529,26.55576631,4684641.725,463390.5202,0,100,,3 - damaged,Last month,POINT(463390.520205 4684641.7251)
1.00E+18,8205,20-Sep,Burial Mound,Annual agriculture,Pasture (grassland),Valley Bottom or Plain,42.33804656,26.58438807,4687393.89,465762.7564,1.5,20,20,3 - damaged,Unknown,POINT(465762.756412 4687393.890191)
1.00E+18,8420,20-Sep,Burial Mound,Scrub,Scrub,Hilltop,42.31601563,26.55573381,4684959.604,463389.5011,3.5,20,,3 - damaged,Last year,POINT(463389.501094 4684959.603949)
1.00E+18,8421,20-Sep,Burial Mound,Scrub,Pasture (grassland),Hilltop,42.31782542,26.55479563,4685160.958,463313.2406,2.2,16,,4 - seriously damaged,Last year,POINT(463313.240576 4685160.958396)
1.00E+18,9644,20-Sep,Uncertain Feature,Pasture (grassland),Pasture (grassland),Valley Bottom or Plain,42.44422785,26.33985862,4699311.323,445710.4475,5,100,,3 - damaged,Unknown,POINT(445710.447541 4699311.322846)
1.00E+18,8206,20-Sep,Burial Mound,Annual agriculture,Pasture (grassland),Valley Bottom or Plain,42.36519229,26.61280912,4690396.994,468117.7488,2.3,60,60,2 - minor damage,Unknown,POINT(468117.748752 4690396.993875)
1.00E+18,8422,20-Sep,Burial Mound,Scrub,Pasture (grassland),Hilltop,42.31957814,26.55423976,4685355.812,463268.4534,2.5,22,,4 - seriously damaged,Last month,POINT(463268.453386 4685355.81205)
1.00E+18,9645,20-Sep,Uncertain Mound,Annual agriculture,Pasture (grassland),Valley Bottom or Plain,42.43098085,26.3374515,4697841.945,445501.0093,1.4,30,25,4 - seriously damaged,Unknown,POINT(445501.009328 4697841.94451)
1.00E+18,8207,20-Sep,Burial Mound,Annual agriculture,Annual agriculture,Valley Bottom or Plain,42.36487989,26.58921629,4690371.422,466174.8864,1.8,60,50,3 - damaged,Last month,POINT(466174.886424 4690371.421651)
1.00E+18,8423,20-Sep,Burial Mound,Scrub,Pasture (grassland),Hilltop,42.31870457,26.55143292,4685260.03,463036.6521,2.3,25,,3 - damaged,Unknown,POINT(463036.652082 4685260.030295)
1.00E+18,8424,20-Sep,Burial Mound,Pasture (grassland),Pasture (grassland),Hilltop,42.31744062,26.54713153,4685121.564,462681.4564,1,8,,2 - minor damage,Unknown,POINT(462681.456446 4685121.564299)
1.00E+18,8208,20-Sep,Burial Mound,Annual agriculture,Annual agriculture,Valley Bottom or Plain,42.36880268,26.55643615,4690820.555,463477.9431,1.9,60,60,3 - damaged,Last month,POINT(463477.943071 4690820.554936)
1.00E+18,8425,20-Sep,Surface Scatter,Pasture (grassland),Pasture (grassland),Valley Bottom or Plain,42.3211821,26.55681622,4685532.799,463481.6866,9,100,,3 - damaged,Unknown,POINT(463481.686595 4685532.799499)
1.00E+18,8209,20-Sep,Burial Mound,Pasture (grassland),Pasture (grassland),Hilltop,42.35735993,26.52591563,4689563.557,460957.8623,3.5,30,20,3 - damaged,Unknown,POINT(460957.862319 4689563.557269)
1.00E+18,8426,20-Sep,Burial Mound,Scrub,Scrub,Hilltop,42.33086066,26.54369962,4686613.176,462406.6404,3,20,,2 - minor damage,Unknown,POINT(462406.640416 4686613.176022)
1.00E+18,8210,20-Sep,Burial Mound,Pasture (grassland),Pasture (grassland),Hilltop,42.36612463,26.52467306,4690537.327,460860.9732,1.2,20,15,2 - minor damage,Unknown,POINT(460860.973195 4690537.327499)
1.00E+18,8427,20-Sep,Uncertain Mound,Scrub,Pasture (grassland),Hilltop,42.33433376,26.54253839,4686999.327,462313.0433,1.7,14,,4 - seriously damaged,Unknown,POINT(462313.043287 4686999.326967)
1.00E+18,8428,20-Sep,Burial Mound,Pasture (grassland),Pasture (grassland),Hilltop,42.33623057,26.54119147,4687210.539,462203.2157,1.65,18,,2 - minor damage,Unknown,POINT(462203.21575 4687210.538616)
1.00E+18,8211,21-Sep,Burial Mound,Scrub,Scrub,Hilltop,42.38519435,26.2629399,4692808.431,439327.7987,1.4,25,25,4 - seriously damaged,Unknown,POINT(439327.798732 4692808.430743)
1.00E+18,8212,21-Sep,Extinct Burial Mound,Other (explain in notes),Other (explain in notes),Hilltop,42.34646977,26.30636251,4688478.495,442867.1332,0,0,,0 - No observation,Other,POINT(442867.133206 4688478.495105)
1.00E+18,8213,21-Sep,Burial Mound,Forest,Scrub,Hilltop,42.33795169,26.32236579,4687522.054,444177.7466,1.2,25,20,4 - seriously damaged,Unknown,POINT(444177.746646 4687522.053631)
1.00E+18,8214,21-Sep,Burial Mound,Forest,Forest,Upper slope,42.34869112,26.3337824,4688707.091,445127.57,0.4,40,35,1 - pristine,,POINT(445127.570008 4688707.091127)
1.00E+18,8215,21-Sep,Extinct Burial Mound,Forest,Forest,Upper slope,42.34896265,26.33332398,4688737.536,445090.0485,0,0,,5 - extinct or near extinct,Other,POINT(445090.048491 4688737.536079)
1.00E+18,8216,21-Sep,Surface Scatter,Annual agriculture,Annual agriculture,Upper slope,42.34833264,26.33221242,4688668.301,444997.9468,0,0,0,0 - No observation,Last month,POINT(444997.94682 4688668.301012)
1.00E+18,8217,21-Sep,Extinct Burial Mound,Pasture (grassland),Pasture (grassland),Lower slope,42.34716544,26.33153574,4688539.137,444941.1933,0.4,20,20,5 - extinct or near extinct,Unknown,POINT(444941.193321 4688539.137084)
1.00E+18,8429,25-Sep,Burial Mound,Pasture (grassland),Scrub,Valley Bottom or Plain,42.57131574,26.52358729,4713321.901,460899.4857,1.7,25,,4 - seriously damaged,Last year,POINT(460899.485734 4713321.901379)
1.00E+18,8430,25-Sep,Burial Mound,Pasture (grassland),Pasture (grassland),Valley Bottom or Plain,42.56432801,26.52553615,4712545.084,461055.0876,0.8,12,,5 - extinct or near extinct,Unknown,POINT(461055.087616 4712545.084464)
1.00E+18,8431,25-Sep,Burial Mound,Annual agriculture,Annual agriculture,Valley Bottom or Plain,42.56605754,26.52723127,4712736.353,461195.2988,0.5,18,,4 - seriously damaged,Last month,POINT(461195.298774 4712736.353239)
1.00E+18,8432,25-Sep,Burial Mound,Scrub,Scrub,Valley Bottom or Plain,42.55174293,26.52765014,4711146.667,461220.8166,3,40,,3 - damaged,Unknown,POINT(461220.816592 4711146.667174)
1.00E+18,8433,25-Sep,Extinct Burial Mound,Other (explain in notes) (photovoltaic),Other (explain in notes),Valley Bottom or Plain,42.53117443,26.55156025,4708852.08,463171.7166,0,0,,5 - extinct or near extinct,Other (check satellite imagery),POINT(463171.7166 4708852.079669)
1.00E+18,8434,25-Sep,Burial Mound,Annual agriculture,Pasture (grassland),Hilltop,42.51378619,26.60092828,4706901.033,467217.0011,5,40,,1 - pristine,Last year,POINT(467217.001062 4706901.032858)
1.00E+18,8435,25-Sep,Burial Mound,Pasture (grassland),Pasture (grassland),Hilltop,42.443048,26.600645,467093,4698742,3.5,35,,3 - damaged,Unknown,
1.00E+18,8436,25-Sep,Extinct Burial Mound,Annual agriculture,Annual agriculture,Hilltop,42.45325746,26.5726067,4700191.351,464856.5717,0.8,25,,5 - extinct or near extinct,Last month,POINT(464856.571698 4700191.351402)
1.00E+18,8437,25-Sep,Extinct Burial Mound,Annual agriculture,Annual agriculture,Hilltop,42.45325746,26.5726067,4700191.351,464856.5717,0.7,20,,5 - extinct or near extinct,Last month,
1.00E+18,8218,28-Sep,Surface Scatter,Annual agriculture,Annual agriculture,Valley Bottom or Plain,42.397635,26.32391833,4694148.075,444358.342,0,0,,0 - No observation,Last month,POINT(444358.342 4694148.075082)
1.00E+18,8219,28-Sep,Burial Mound,Annual agriculture,Annual agriculture,Valley Bottom or Plain,42.393525,26.32656833,4693689.98,444572.8217,1.9,45,42,3 - damaged,Last month,POINT(444572.821711 4693689.980063)
1.00E+18,8220,28-Sep,Burial Mound,Annual agriculture,Annual agriculture,Valley Bottom or Plain,42.39375833,26.32707167,4693715.561,444614.4542,0.4,50,45,4 - seriously damaged,Last month,POINT(444614.454195 4693715.560562)
1.00E+18,8221,28-Sep,Burial Mound,Annual agriculture,Annual agriculture,Valley Bottom or Plain,42.435645,26.395095,4698324.456,450246.2741,1.2,25,22,3 - damaged,Last month,POINT(450246.274122 4698324.45555)
1.00E+18,8222,28-Sep,Burial Mound,Annual agriculture,Annual agriculture,Valley Bottom or Plain,42.423895,26.39993833,4697016.935,450635.4226,0.8,30,26,4 - seriously damaged,Last month,POINT(450635.422612 4697016.935204)
1.00E+18,8223,28-Sep,Burial Mound,Annual agriculture,Annual agriculture,Valley Bottom or Plain,42.41240333,26.39289667,4695745.046,450047.0116,1,34,31,4 - seriously damaged,Last month,POINT(450047.011593 4695745.045675)
1.00E+18,8224,28-Sep,Burial Mound,Annual agriculture,Annual agriculture,Valley Bottom or Plain,42.40343167,26.43246833,4694726.345,453296.3578,0.6,21,20,4 - seriously damaged,Last month,POINT(453296.357839 4694726.344525)
1.00E+18,8225,28-Sep,Burial Mound,Annual agriculture,Annual agriculture,Valley Bottom or Plain,42.42727833,26.45698,4697361.033,455330.4189,1.6,51,48,3 - damaged,Last month,POINT(455330.418921 4697361.032856)
1.00E+18,8226,28-Sep,Burial Mound,Annual agriculture,Annual agriculture,Valley Bottom or Plain,42.443635,26.42127667,4699196.639,452405.7829,1.3,32,30,4 - seriously damaged,Last month,POINT(452405.78293 4699196.638979)
1.00E+18,8227,28-Sep,Surface Scatter,Annual agriculture,Annual agriculture,Valley Bottom or Plain,42.4017,26.13581667,4694739.758,428882.0307,0,0,0,0 - No observation,Last month,POINT(428882.030738 4694739.757651)
