Party,Region,Y2011,Y2015,Y2019
A. Socialdemokratiet,København,61995,73080,58047
A. Socialdemokratiet,Frederiksberg,10797,14129,10185
A. Socialdemokratiet,Dragør,1404,1983,1783
A. Socialdemokratiet,Tårnby,6509,7561,7864
A. Socialdemokratiet,Albertslund,4823,4836,4464
A. Socialdemokratiet,Ballerup,9950,10487,9601
A. Socialdemokratiet,Brøndby,6455,6635,6404
A. Socialdemokratiet,Gentofte,5342,7850,5163
A. Socialdemokratiet,Gladsaxe,10329,11629,9977
A. Socialdemokratiet,Glostrup,3969,4209,3928
A. Socialdemokratiet,Herlev,5143,5610,5306
A. Socialdemokratiet,Hvidovre,8886,9738,8886
A. Socialdemokratiet,Høje-Taastrup,7728,7860,7248
A. Socialdemokratiet,Ishøj,3530,3612,3224
A. Socialdemokratiet,Lyngby-Taarbæk,6141,7904,6131
A. Socialdemokratiet,Rødovre,7270,7590,7241
A. Socialdemokratiet,Vallensbæk,1991,2401,2272
A. Socialdemokratiet,Allerød,2414,3450,3079
A. Socialdemokratiet,Egedal,5663,6778,6730
A. Socialdemokratiet,Fredensborg,4281,5139,4802
A. Socialdemokratiet,Frederikssund,6457,7251,7548
A. Socialdemokratiet,Furesø,4419,5923,4971
A. Socialdemokratiet,Gribskov,4799,5541,5782
A. Socialdemokratiet,Halsnæs,5073,5519,5650
A. Socialdemokratiet,Helsingør,9092,9688,9520
A. Socialdemokratiet,Hillerød,6190,7348,7349
A. Socialdemokratiet,Hørsholm,1700,2384,1869
A. Socialdemokratiet,Rudersdal,4094,5801,4501
A. Socialdemokratiet,Bornholm,9788,8661,8573
A. Socialdemokratiet,Christiansø,13,22,20
A. Socialdemokratiet,Greve,6102,7377,7504
A. Socialdemokratiet,Køge,8309,9517,8573
A. Socialdemokratiet,Lejre,3402,4267,4088
A. Socialdemokratiet,Roskilde,11498,14087,13225
A. Socialdemokratiet,Solrød,2560,3184,3102
A. Socialdemokratiet,Faxe,5352,5666,6270
A. Socialdemokratiet,Guldborgsund,13097,12657,12995
A. Socialdemokratiet,Holbæk,11449,12173,12772
A. Socialdemokratiet,Kalundborg,7872,8238,8543
A. Socialdemokratiet,Lolland,9279,9679,10000
A. Socialdemokratiet,Næstved,15208,17230,17409
A. Socialdemokratiet,Odsherred,5571,6276,6529
A. Socialdemokratiet,Ringsted,5163,5474,5384
A. Socialdemokratiet,Slagelse,12645,13197,13478
A. Socialdemokratiet,Sorø,4553,4836,4886
A. Socialdemokratiet,Stevns,3149,3631,3523
A. Socialdemokratiet,Vordingborg,8362,8975,8776
A. Socialdemokratiet,Assens,7841,7657,8152
A. Socialdemokratiet,Faaborg-Midtfyn,9115,9020,9667
A. Socialdemokratiet,Kerteminde,5002,5183,5422
A. Socialdemokratiet,Langeland,2567,2246,2789
A. Socialdemokratiet,Middelfart,6622,7260,7713
A. Socialdemokratiet,Nordfyns,5169,5464,5932
A. Socialdemokratiet,Nyborg,6386,6868,6964
A. Socialdemokratiet,Odense,35280,35434,35310
A. Socialdemokratiet,Svendborg,10482,9964,11358
A. Socialdemokratiet,Ærø,1113,965,1030
A. Socialdemokratiet,Billund,3346,3172,3688
A. Socialdemokratiet,Esbjerg,19588,18399,20123
A. Socialdemokratiet,Fanø,465,608,575
A. Socialdemokratiet,Fredericia,9753,8755,9432
A. Socialdemokratiet,Haderslev,8652,8621,9357
A. Socialdemokratiet,Kolding,11855,12660,12979
A. Socialdemokratiet,Sønderborg,13017,11728,13470
A. Socialdemokratiet,Tønder,5967,5038,5413
A. Socialdemokratiet,Varde,5985,5907,6813
A. Socialdemokratiet,Vejen,6141,5923,6668
A. Socialdemokratiet,Vejle,15080,15723,16265
A. Socialdemokratiet,Aabenraa,9088,7857,8858
A. Socialdemokratiet,Favrskov,7972,8185,8400
A. Socialdemokratiet,Hedensted,6250,6399,6917
A. Socialdemokratiet,Horsens,13595,13900,14601
A. Socialdemokratiet,Norddjurs,7740,7127,7496
A. Socialdemokratiet,Odder,3936,4297,3961
A. Socialdemokratiet,Randers,21047,19028,19417
A. Socialdemokratiet,Samsø,611,692,638
A. Socialdemokratiet,Silkeborg,14076,14662,14665
A. Socialdemokratiet,Skanderborg,9428,10262,10121
A. Socialdemokratiet,Syddjurs,7223,6808,7390
A. Socialdemokratiet,Aarhus,53536,55622,49167
A. Socialdemokratiet,Herning,10886,11333,11713
A. Socialdemokratiet,Holstebro,8977,10762,10196
A. Socialdemokratiet,Ikast-Brande,5463,5403,5428
A. Socialdemokratiet,Lemvig,2833,3173,2978
A. Socialdemokratiet,Ringkøbing-Skjern,6406,6830,6668
A. Socialdemokratiet,Skive,9064,9164,8879
A. Socialdemokratiet,Struer,4125,3974,4040
A. Socialdemokratiet,Viborg,14378,14821,14983
A. Socialdemokratiet,Brønderslev,7184,6692,7910
A. Socialdemokratiet,Frederikshavn,13692,12460,14268
A. Socialdemokratiet,Hjørring,12017,11542,13147
A. Socialdemokratiet,Jammerbugt,8053,7659,8391
A. Socialdemokratiet,Læsø,377,350,353
A. Socialdemokratiet,Mariagerfjord,8227,7757,8795
A. Socialdemokratiet,Morsø,4850,4681,4938
A. Socialdemokratiet,Rebild,5138,5172,5842
A. Socialdemokratiet,Thisted,8453,8629,9272
A. Socialdemokratiet,Vesthimmerlands,5390,5638,6144
A. Socialdemokratiet,Aalborg,40358,40383,45011
B. Radikale Venstre,København,56075,31976,59894
B. Radikale Venstre,Frederiksberg,12234,7189,11580
B. Radikale Venstre,Dragør,923,468,889
B. Radikale Venstre,Tårnby,2032,945,1772
B. Radikale Venstre,Albertslund,1433,638,1379
B. Radikale Venstre,Ballerup,2548,1060,2193
B. Radikale Venstre,Brøndby,1463,610,1755
B. Radikale Venstre,Gentofte,6787,4083,6586
B. Radikale Venstre,Gladsaxe,5043,2632,4869
B. Radikale Venstre,Glostrup,1058,424,972
B. Radikale Venstre,Herlev,1425,604,1323
B. Radikale Venstre,Hvidovre,2620,1112,2666
B. Radikale Venstre,Høje-Taastrup,2520,950,2406
B. Radikale Venstre,Ishøj,809,318,1357
B. Radikale Venstre,Lyngby-Taarbæk,5420,3048,5235
B. Radikale Venstre,Rødovre,2053,884,2007
B. Radikale Venstre,Vallensbæk,813,347,890
B. Radikale Venstre,Allerød,2181,1287,2359
B. Radikale Venstre,Egedal,2958,1380,2566
B. Radikale Venstre,Fredensborg,3103,1729,3258
B. Radikale Venstre,Frederikssund,2464,1065,1927
B. Radikale Venstre,Furesø,3743,2233,3950
B. Radikale Venstre,Gribskov,2387,976,1798
B. Radikale Venstre,Halsnæs,1436,446,1027
B. Radikale Venstre,Helsingør,4237,2036,4219
B. Radikale Venstre,Hillerød,3746,1917,3564
B. Radikale Venstre,Hørsholm,1839,1119,1910
B. Radikale Venstre,Rudersdal,5443,3327,5841
B. Radikale Venstre,Bornholm,1503,426,844
B. Radikale Venstre,Christiansø,6,1,2
B. Radikale Venstre,Greve,2358,998,2095
B. Radikale Venstre,Køge,2957,1310,2287
B. Radikale Venstre,Lejre,1772,787,1329
B. Radikale Venstre,Roskilde,6327,3257,5441
B. Radikale Venstre,Solrød,1052,508,1028
B. Radikale Venstre,Faxe,1646,569,888
B. Radikale Venstre,Guldborgsund,2328,791,1430
B. Radikale Venstre,Holbæk,3712,1901,2849
B. Radikale Venstre,Kalundborg,1934,763,1320
B. Radikale Venstre,Lolland,1255,365,632
B. Radikale Venstre,Næstved,3546,1175,2411
B. Radikale Venstre,Odsherred,1520,549,986
B. Radikale Venstre,Ringsted,1678,758,1394
B. Radikale Venstre,Slagelse,3009,1432,2626
B. Radikale Venstre,Sorø,1575,644,1116
B. Radikale Venstre,Stevns,1088,365,708
B. Radikale Venstre,Vordingborg,2083,734,1814
B. Radikale Venstre,Assens,1935,680,1156
B. Radikale Venstre,Faaborg-Midtfyn,2809,974,1799
B. Radikale Venstre,Kerteminde,1057,304,709
B. Radikale Venstre,Langeland,596,152,324
B. Radikale Venstre,Middelfart,2084,845,1595
B. Radikale Venstre,Nordfyns,1028,367,653
B. Radikale Venstre,Nyborg,1401,455,1004
B. Radikale Venstre,Odense,11993,5462,12926
B. Radikale Venstre,Svendborg,3468,1207,2432
B. Radikale Venstre,Ærø,287,67,195
B. Radikale Venstre,Billund,854,365,757
B. Radikale Venstre,Esbjerg,4579,1929,3758
B. Radikale Venstre,Fanø,191,71,172
B. Radikale Venstre,Fredericia,1978,789,1785
B. Radikale Venstre,Haderslev,2206,979,1660
B. Radikale Venstre,Kolding,4389,2017,4281
B. Radikale Venstre,Sønderborg,2790,1983,2572
B. Radikale Venstre,Tønder,1313,614,799
B. Radikale Venstre,Varde,1937,753,1373
B. Radikale Venstre,Vejen,1571,548,1043
B. Radikale Venstre,Vejle,5842,2739,5696
B. Radikale Venstre,Aabenraa,2092,1175,1655
B. Radikale Venstre,Favrskov,2578,1270,2100
B. Radikale Venstre,Hedensted,1833,741,1205
B. Radikale Venstre,Horsens,4242,1808,3627
B. Radikale Venstre,Norddjurs,1462,428,811
B. Radikale Venstre,Odder,1328,531,1120
B. Radikale Venstre,Randers,3779,1533,3137
B. Radikale Venstre,Samsø,201,57,124
B. Radikale Venstre,Silkeborg,5144,2150,4108
B. Radikale Venstre,Skanderborg,3772,1849,3623
B. Radikale Venstre,Syddjurs,2385,830,1819
B. Radikale Venstre,Aarhus,28770,14829,31591
B. Radikale Venstre,Herning,3901,1561,3127
B. Radikale Venstre,Holstebro,2516,1017,1836
B. Radikale Venstre,Ikast-Brande,1525,515,945
B. Radikale Venstre,Lemvig,883,288,609
B. Radikale Venstre,Ringkøbing-Skjern,2081,681,1207
B. Radikale Venstre,Skive,2281,922,1826
B. Radikale Venstre,Struer,887,283,589
B. Radikale Venstre,Viborg,4872,1766,2969
B. Radikale Venstre,Brønderslev,1467,550,850
B. Radikale Venstre,Frederikshavn,1891,776,1065
B. Radikale Venstre,Hjørring,2665,1070,1558
B. Radikale Venstre,Jammerbugt,1394,494,815
B. Radikale Venstre,Læsø,79,25,36
B. Radikale Venstre,Mariagerfjord,1715,761,1270
B. Radikale Venstre,Morsø,766,233,382
B. Radikale Venstre,Rebild,1438,730,1120
B. Radikale Venstre,Thisted,1688,525,984
B. Radikale Venstre,Vesthimmerlands,1355,473,725
B. Radikale Venstre,Aalborg,11258,5702,9800
C. Det Konservative Folkeparti,København,14997,8430,15434
C. Det Konservative Folkeparti,Frederiksberg,6285,3831,6220
C. Det Konservative Folkeparti,Dragør,884,528,973
C. Det Konservative Folkeparti,Tårnby,1096,682,1202
C. Det Konservative Folkeparti,Albertslund,547,339,620
C. Det Konservative Folkeparti,Ballerup,1385,674,1643
C. Det Konservative Folkeparti,Brøndby,678,309,765
C. Det Konservative Folkeparti,Gentofte,6755,4553,9226
C. Det Konservative Folkeparti,Gladsaxe,2162,1225,2543
C. Det Konservative Folkeparti,Glostrup,639,334,779
C. Det Konservative Folkeparti,Herlev,872,540,1063
C. Det Konservative Folkeparti,Hvidovre,1298,730,1532
C. Det Konservative Folkeparti,Høje-Taastrup,1798,1345,2670
C. Det Konservative Folkeparti,Ishøj,380,187,397
C. Det Konservative Folkeparti,Lyngby-Taarbæk,3275,2360,5209
C. Det Konservative Folkeparti,Rødovre,1012,611,1268
C. Det Konservative Folkeparti,Vallensbæk,962,633,1279
C. Det Konservative Folkeparti,Allerød,1362,1171,2380
C. Det Konservative Folkeparti,Egedal,1590,1113,2406
C. Det Konservative Folkeparti,Fredensborg,1965,1357,2787
C. Det Konservative Folkeparti,Frederikssund,1187,872,2036
C. Det Konservative Folkeparti,Furesø,1888,1334,3080
C. Det Konservative Folkeparti,Gribskov,1091,792,2095
C. Det Konservative Folkeparti,Halsnæs,681,441,980
C. Det Konservative Folkeparti,Helsingør,2436,2388,4237
C. Det Konservative Folkeparti,Hillerød,1845,1238,2691
C. Det Konservative Folkeparti,Hørsholm,2251,1726,3533
C. Det Konservative Folkeparti,Rudersdal,3469,2691,6143
C. Det Konservative Folkeparti,Bornholm,579,440,453
C. Det Konservative Folkeparti,Christiansø,1,1,3
C. Det Konservative Folkeparti,Greve,1726,889,1955
C. Det Konservative Folkeparti,Køge,1953,1109,2683
C. Det Konservative Folkeparti,Lejre,878,504,1196
C. Det Konservative Folkeparti,Roskilde,3028,1780,4136
C. Det Konservative Folkeparti,Solrød,850,464,1305
C. Det Konservative Folkeparti,Faxe,1190,686,1375
C. Det Konservative Folkeparti,Guldborgsund,1603,933,1674
C. Det Konservative Folkeparti,Holbæk,2146,1357,2586
C. Det Konservative Folkeparti,Kalundborg,1006,647,1238
C. Det Konservative Folkeparti,Lolland,961,935,912
C. Det Konservative Folkeparti,Næstved,2797,1526,2841
C. Det Konservative Folkeparti,Odsherred,780,544,1038
C. Det Konservative Folkeparti,Ringsted,853,534,1345
C. Det Konservative Folkeparti,Slagelse,1999,1151,2349
C. Det Konservative Folkeparti,Sorø,975,766,1292
C. Det Konservative Folkeparti,Stevns,782,526,1112
C. Det Konservative Folkeparti,Vordingborg,1336,732,1412
C. Det Konservative Folkeparti,Assens,1291,836,1428
C. Det Konservative Folkeparti,Faaborg-Midtfyn,1440,976,1744
C. Det Konservative Folkeparti,Kerteminde,753,517,1244
C. Det Konservative Folkeparti,Langeland,358,169,591
C. Det Konservative Folkeparti,Middelfart,1140,793,1557
C. Det Konservative Folkeparti,Nordfyns,873,646,1091
C. Det Konservative Folkeparti,Nyborg,798,524,1063
C. Det Konservative Folkeparti,Odense,7125,4505,8051
C. Det Konservative Folkeparti,Svendborg,1851,1269,2107
C. Det Konservative Folkeparti,Ærø,404,614,380
C. Det Konservative Folkeparti,Billund,524,277,603
C. Det Konservative Folkeparti,Esbjerg,2179,1411,3431
C. Det Konservative Folkeparti,Fanø,94,77,186
C. Det Konservative Folkeparti,Fredericia,1242,639,1774
C. Det Konservative Folkeparti,Haderslev,1340,788,1534
C. Det Konservative Folkeparti,Kolding,3007,1817,3424
C. Det Konservative Folkeparti,Sønderborg,2416,818,2049
C. Det Konservative Folkeparti,Tønder,887,478,972
C. Det Konservative Folkeparti,Varde,961,510,1343
C. Det Konservative Folkeparti,Vejen,1035,619,1298
C. Det Konservative Folkeparti,Vejle,2961,1552,4032
C. Det Konservative Folkeparti,Aabenraa,1259,639,1403
C. Det Konservative Folkeparti,Favrskov,1303,953,2087
C. Det Konservative Folkeparti,Hedensted,985,655,1569
C. Det Konservative Folkeparti,Horsens,1770,1293,3208
C. Det Konservative Folkeparti,Norddjurs,663,469,807
C. Det Konservative Folkeparti,Odder,587,411,1186
C. Det Konservative Folkeparti,Randers,1811,1482,2632
C. Det Konservative Folkeparti,Samsø,140,108,170
C. Det Konservative Folkeparti,Silkeborg,2581,2554,5309
C. Det Konservative Folkeparti,Skanderborg,1473,1144,2498
C. Det Konservative Folkeparti,Syddjurs,1004,709,1445
C. Det Konservative Folkeparti,Aarhus,8292,6266,12829
C. Det Konservative Folkeparti,Herning,2446,1927,4619
C. Det Konservative Folkeparti,Holstebro,1405,1281,2427
C. Det Konservative Folkeparti,Ikast-Brande,1199,852,1683
C. Det Konservative Folkeparti,Lemvig,434,733,1212
C. Det Konservative Folkeparti,Ringkøbing-Skjern,1226,1085,2063
C. Det Konservative Folkeparti,Skive,803,893,1728
C. Det Konservative Folkeparti,Struer,500,584,953
C. Det Konservative Folkeparti,Viborg,2083,6019,9940
C. Det Konservative Folkeparti,Brønderslev,1358,685,1047
C. Det Konservative Folkeparti,Frederikshavn,1827,806,1734
C. Det Konservative Folkeparti,Hjørring,3046,2214,2518
C. Det Konservative Folkeparti,Jammerbugt,1277,474,1020
C. Det Konservative Folkeparti,Læsø,49,17,77
C. Det Konservative Folkeparti,Mariagerfjord,1311,589,1384
C. Det Konservative Folkeparti,Morsø,499,214,494
C. Det Konservative Folkeparti,Rebild,1037,477,899
C. Det Konservative Folkeparti,Thisted,1492,789,1696
C. Det Konservative Folkeparti,Vesthimmerlands,1382,950,1300
C. Det Konservative Folkeparti,Aalborg,6893,2938,5930
F. SF - Socialistisk Folkeparti,København,42899,22990,42797
F. SF - Socialistisk Folkeparti,Frederiksberg,6852,3787,6875
F. SF - Socialistisk Folkeparti,Dragør,571,283,503
F. SF - Socialistisk Folkeparti,Tårnby,2548,1200,2001
F. SF - Socialistisk Folkeparti,Albertslund,2148,1098,2092
F. SF - Socialistisk Folkeparti,Ballerup,2534,1296,2766
F. SF - Socialistisk Folkeparti,Brøndby,2084,870,1489
F. SF - Socialistisk Folkeparti,Gentofte,2142,1452,2779
F. SF - Socialistisk Folkeparti,Gladsaxe,3855,2127,4584
F. SF - Socialistisk Folkeparti,Glostrup,1127,505,1078
F. SF - Socialistisk Folkeparti,Herlev,1636,815,1588
F. SF - Socialistisk Folkeparti,Hvidovre,3213,1550,3424
F. SF - Socialistisk Folkeparti,Høje-Taastrup,2240,1181,2221
F. SF - Socialistisk Folkeparti,Ishøj,1166,663,910
F. SF - Socialistisk Folkeparti,Lyngby-Taarbæk,2740,1550,3057
F. SF - Socialistisk Folkeparti,Rødovre,2261,1152,2463
F. SF - Socialistisk Folkeparti,Vallensbæk,621,360,650
F. SF - Socialistisk Folkeparti,Allerød,1156,664,1171
F. SF - Socialistisk Folkeparti,Egedal,1757,959,1961
F. SF - Socialistisk Folkeparti,Fredensborg,1906,999,1764
F. SF - Socialistisk Folkeparti,Frederikssund,2394,1221,1981
F. SF - Socialistisk Folkeparti,Furesø,1866,1018,1987
F. SF - Socialistisk Folkeparti,Gribskov,1894,954,1670
F. SF - Socialistisk Folkeparti,Halsnæs,1969,1058,1881
F. SF - Socialistisk Folkeparti,Helsingør,3289,1536,2766
F. SF - Socialistisk Folkeparti,Hillerød,2425,1412,2345
F. SF - Socialistisk Folkeparti,Hørsholm,505,312,595
F. SF - Socialistisk Folkeparti,Rudersdal,1851,1049,1872
F. SF - Socialistisk Folkeparti,Bornholm,2000,711,1085
F. SF - Socialistisk Folkeparti,Christiansø,11,5,6
F. SF - Socialistisk Folkeparti,Greve,1939,812,1977
F. SF - Socialistisk Folkeparti,Køge,3183,2428,5855
F. SF - Socialistisk Folkeparti,Lejre,1807,1070,1999
F. SF - Socialistisk Folkeparti,Roskilde,5605,2920,5924
F. SF - Socialistisk Folkeparti,Solrød,871,403,1071
F. SF - Socialistisk Folkeparti,Faxe,2030,888,1971
F. SF - Socialistisk Folkeparti,Guldborgsund,4262,1319,2844
F. SF - Socialistisk Folkeparti,Holbæk,4071,1447,3189
F. SF - Socialistisk Folkeparti,Kalundborg,3152,994,2094
F. SF - Socialistisk Folkeparti,Lolland,5440,1111,1736
F. SF - Socialistisk Folkeparti,Næstved,4706,1690,4192
F. SF - Socialistisk Folkeparti,Odsherred,2055,697,1472
F. SF - Socialistisk Folkeparti,Ringsted,1760,740,1867
F. SF - Socialistisk Folkeparti,Slagelse,4780,1562,3788
F. SF - Socialistisk Folkeparti,Sorø,1796,792,1655
F. SF - Socialistisk Folkeparti,Stevns,1219,601,1554
F. SF - Socialistisk Folkeparti,Vordingborg,3276,1101,2804
F. SF - Socialistisk Folkeparti,Assens,2509,939,1564
F. SF - Socialistisk Folkeparti,Faaborg-Midtfyn,3215,1365,2057
F. SF - Socialistisk Folkeparti,Kerteminde,1719,730,839
F. SF - Socialistisk Folkeparti,Langeland,916,328,488
F. SF - Socialistisk Folkeparti,Middelfart,2158,1005,1471
F. SF - Socialistisk Folkeparti,Nordfyns,1954,601,1056
F. SF - Socialistisk Folkeparti,Nyborg,2080,705,1128
F. SF - Socialistisk Folkeparti,Odense,13555,6353,9631
F. SF - Socialistisk Folkeparti,Svendborg,4513,1636,2499
F. SF - Socialistisk Folkeparti,Ærø,371,128,228
F. SF - Socialistisk Folkeparti,Billund,829,356,482
F. SF - Socialistisk Folkeparti,Esbjerg,6424,2475,3938
F. SF - Socialistisk Folkeparti,Fanø,237,116,189
F. SF - Socialistisk Folkeparti,Fredericia,2530,1057,1762
F. SF - Socialistisk Folkeparti,Haderslev,3004,920,1614
F. SF - Socialistisk Folkeparti,Kolding,5465,2365,3614
F. SF - Socialistisk Folkeparti,Sønderborg,3374,1129,1897
F. SF - Socialistisk Folkeparti,Tønder,1691,560,1201
F. SF - Socialistisk Folkeparti,Varde,1871,721,1198
F. SF - Socialistisk Folkeparti,Vejen,1758,673,1029
F. SF - Socialistisk Folkeparti,Vejle,5346,2313,4096
F. SF - Socialistisk Folkeparti,Aabenraa,2188,823,1449
F. SF - Socialistisk Folkeparti,Favrskov,2166,1100,1852
F. SF - Socialistisk Folkeparti,Hedensted,1844,721,1258
F. SF - Socialistisk Folkeparti,Horsens,4521,1914,3411
F. SF - Socialistisk Folkeparti,Norddjurs,1739,867,1567
F. SF - Socialistisk Folkeparti,Odder,1410,575,1236
F. SF - Socialistisk Folkeparti,Randers,4513,1861,3882
F. SF - Socialistisk Folkeparti,Samsø,370,115,216
F. SF - Socialistisk Folkeparti,Silkeborg,5040,2428,4428
F. SF - Socialistisk Folkeparti,Skanderborg,3116,1517,3161
F. SF - Socialistisk Folkeparti,Syddjurs,2292,1652,2063
F. SF - Socialistisk Folkeparti,Aarhus,21393,10778,22019
F. SF - Socialistisk Folkeparti,Herning,3488,1676,2753
F. SF - Socialistisk Folkeparti,Holstebro,3250,1296,2447
F. SF - Socialistisk Folkeparti,Ikast-Brande,1510,600,1099
F. SF - Socialistisk Folkeparti,Lemvig,1548,600,745
F. SF - Socialistisk Folkeparti,Ringkøbing-Skjern,2622,1006,1586
F. SF - Socialistisk Folkeparti,Skive,2696,864,1681
F. SF - Socialistisk Folkeparti,Struer,1427,618,831
F. SF - Socialistisk Folkeparti,Viborg,5238,2632,4581
F. SF - Socialistisk Folkeparti,Brønderslev,1921,870,1041
F. SF - Socialistisk Folkeparti,Frederikshavn,3134,1041,1425
F. SF - Socialistisk Folkeparti,Hjørring,3915,1519,1966
F. SF - Socialistisk Folkeparti,Jammerbugt,2017,643,997
F. SF - Socialistisk Folkeparti,Læsø,93,27,45
F. SF - Socialistisk Folkeparti,Mariagerfjord,1964,805,1170
F. SF - Socialistisk Folkeparti,Morsø,937,265,460
F. SF - Socialistisk Folkeparti,Rebild,1469,531,960
F. SF - Socialistisk Folkeparti,Thisted,1767,568,1061
F. SF - Socialistisk Folkeparti,Vesthimmerlands,2563,667,1628
F. SF - Socialistisk Folkeparti,Aalborg,12910,5172,8952
O. Dansk Folkeparti,København,25233,33910,12907
O. Dansk Folkeparti,Frederiksberg,4535,6244,2403
O. Dansk Folkeparti,Dragør,1267,1941,770
O. Dansk Folkeparti,Tårnby,4852,7480,3101
O. Dansk Folkeparti,Albertslund,1984,3116,1225
O. Dansk Folkeparti,Ballerup,4295,6767,2898
O. Dansk Folkeparti,Brøndby,3348,5013,2070
O. Dansk Folkeparti,Gentofte,3099,4722,1617
O. Dansk Folkeparti,Gladsaxe,4609,6817,2787
O. Dansk Folkeparti,Glostrup,2304,3559,1543
O. Dansk Folkeparti,Herlev,2287,3627,1416
O. Dansk Folkeparti,Hvidovre,5121,7764,3298
O. Dansk Folkeparti,Høje-Taastrup,4171,6919,2867
O. Dansk Folkeparti,Ishøj,1774,2845,1219
O. Dansk Folkeparti,Lyngby-Taarbæk,2815,4188,1518
O. Dansk Folkeparti,Rødovre,3362,5039,2129
O. Dansk Folkeparti,Vallensbæk,1275,2043,832
O. Dansk Folkeparti,Allerød,1328,2388,907
O. Dansk Folkeparti,Egedal,3293,6026,2478
O. Dansk Folkeparti,Fredensborg,2432,4267,1767
O. Dansk Folkeparti,Frederikssund,3929,7017,3054
O. Dansk Folkeparti,Furesø,1850,3015,1129
O. Dansk Folkeparti,Gribskov,3605,6889,2802
O. Dansk Folkeparti,Halsnæs,2955,5031,2272
O. Dansk Folkeparti,Helsingør,4519,8019,3127
O. Dansk Folkeparti,Hillerød,2921,5345,2067
O. Dansk Folkeparti,Hørsholm,1247,2174,805
O. Dansk Folkeparti,Rudersdal,2200,3809,1326
O. Dansk Folkeparti,Bornholm,2965,5155,2625
O. Dansk Folkeparti,Christiansø,7,13,1
O. Dansk Folkeparti,Greve,5253,8170,3312
O. Dansk Folkeparti,Køge,6112,9175,3498
O. Dansk Folkeparti,Lejre,2468,3870,1712
O. Dansk Folkeparti,Roskilde,6523,10114,4141
O. Dansk Folkeparti,Solrød,2074,3329,1427
O. Dansk Folkeparti,Faxe,4027,6516,2779
O. Dansk Folkeparti,Guldborgsund,6606,11534,5444
O. Dansk Folkeparti,Holbæk,6396,10167,4632
O. Dansk Folkeparti,Kalundborg,6428,9574,4109
O. Dansk Folkeparti,Lolland,4544,7024,3065
O. Dansk Folkeparti,Næstved,8092,12914,5179
O. Dansk Folkeparti,Odsherred,4028,6049,2806
O. Dansk Folkeparti,Ringsted,3403,5586,2425
O. Dansk Folkeparti,Slagelse,9038,13577,5540
O. Dansk Folkeparti,Sorø,3015,4926,2127
O. Dansk Folkeparti,Stevns,2717,4144,1674
O. Dansk Folkeparti,Vordingborg,4847,7526,2827
O. Dansk Folkeparti,Assens,3634,6617,2956
O. Dansk Folkeparti,Faaborg-Midtfyn,4329,7747,3471
O. Dansk Folkeparti,Kerteminde,2122,3713,1594
O. Dansk Folkeparti,Langeland,1388,2309,854
O. Dansk Folkeparti,Middelfart,3285,5784,2357
O. Dansk Folkeparti,Nordfyns,2894,4951,2127
O. Dansk Folkeparti,Nyborg,2846,4894,1957
O. Dansk Folkeparti,Odense,13210,22542,8786
O. Dansk Folkeparti,Svendborg,4594,8412,3233
O. Dansk Folkeparti,Ærø,676,944,411
O. Dansk Folkeparti,Billund,2846,5306,2328
O. Dansk Folkeparti,Esbjerg,9562,18830,7930
O. Dansk Folkeparti,Fanø,292,448,201
O. Dansk Folkeparti,Fredericia,4858,9312,3891
O. Dansk Folkeparti,Haderslev,4949,10030,4213
O. Dansk Folkeparti,Kolding,8009,14361,6206
O. Dansk Folkeparti,Sønderborg,7329,14124,5511
O. Dansk Folkeparti,Tønder,3374,6958,2889
O. Dansk Folkeparti,Varde,4525,8996,4050
O. Dansk Folkeparti,Vejen,3796,7556,3282
O. Dansk Folkeparti,Vejle,11415,18745,8681
O. Dansk Folkeparti,Aabenraa,5711,11392,5076
O. Dansk Folkeparti,Favrskov,3512,6696,2748
O. Dansk Folkeparti,Hedensted,4636,8922,4127
O. Dansk Folkeparti,Horsens,6851,12878,6042
O. Dansk Folkeparti,Norddjurs,3359,6474,2587
O. Dansk Folkeparti,Odder,1398,2505,1111
O. Dansk Folkeparti,Randers,7365,14226,5798
O. Dansk Folkeparti,Samsø,265,446,196
O. Dansk Folkeparti,Silkeborg,6339,11166,4507
O. Dansk Folkeparti,Skanderborg,3758,7126,3129
O. Dansk Folkeparti,Syddjurs,3416,6275,2626
O. Dansk Folkeparti,Aarhus,15714,26073,10525
O. Dansk Folkeparti,Herning,6672,12377,4409
O. Dansk Folkeparti,Holstebro,4105,7563,2945
O. Dansk Folkeparti,Ikast-Brande,4072,6871,3015
O. Dansk Folkeparti,Lemvig,1893,2889,1108
O. Dansk Folkeparti,Ringkøbing-Skjern,4900,7985,3383
O. Dansk Folkeparti,Skive,3856,6245,2261
O. Dansk Folkeparti,Struer,1643,3020,1132
O. Dansk Folkeparti,Viborg,6898,11541,4469
O. Dansk Folkeparti,Brønderslev,2714,5129,2464
O. Dansk Folkeparti,Frederikshavn,5613,10409,4513
O. Dansk Folkeparti,Hjørring,5105,9871,4078
O. Dansk Folkeparti,Jammerbugt,3337,6140,2689
O. Dansk Folkeparti,Læsø,256,368,228
O. Dansk Folkeparti,Mariagerfjord,3522,6479,2787
O. Dansk Folkeparti,Morsø,1749,2992,1252
O. Dansk Folkeparti,Rebild,2120,4122,1710
O. Dansk Folkeparti,Thisted,4090,6069,2783
O. Dansk Folkeparti,Vesthimmerlands,3222,6287,2578
O. Dansk Folkeparti,Aalborg,13549,23294,9652
